ticker,quarter,roa,log_assets,leverage,liquidity,pb_ratio,log_btc_price,log_hashrate,score_max,score_mean,score_count,confidence_max,confidence_mean
ARLP,2025q3,0.0327004295576068,21.79084865246647,0.013213374910301,32.48621808790647,1.5543636842521438,11.60540300025889,20.878149145429184,3.0,3.0,1,75.0,75.0
ARLP,2025q2,0.0464615877071741,21.777384816726105,0.012919567052316,0.0191688569849371,1.539671577161683,11.581614703698753,20.630242529336,1.0,1.0,1,10.0,10.0
ARLP,2025q1,0.0254873421101133,21.788919232944476,0.0127989637359249,0.0280125467877708,1.6024982453769725,11.37581934776722,20.58498849271612,3.0,1.5,2,100.0,97.5
ARLP,2024q4,0.0056006557534476,21.793386054213272,0.1669557880873743,0.0469734851992468,1.6123573072404973,11.446106158150634,20.581368295184088,3.0,1.5,2,100.0,85.0
ARLP,2024q3,0.0284551705987752,21.83254536114628,0.1624013537486152,0.0644517974403175,1.4270637113264797,11.095719198433985,20.339313709025863,3.0,1.5,2,100.0,87.5
ARLP,2024q2,0.0328164992109261,21.839372863022252,0.1631640389315762,0.0667234205911273,1.2466301268924302,11.007347216285629,20.297156010255385,3.0,1.0,3,100.0,90.0
ARLP,2024q1,0.0532934428534483,21.81040826419265,0.1499517665968594,0.0451674378503918,1.1323662766408118,11.166974103061063,20.204149649540128,0.0,0.0,2,100.0,100.0
ARLP,2023q4,0.0414011345468734,21.74874311587676,0.1258129138087222,0.021450452692666,1.2235350879131233,10.679843807151835,19.886508851853154,0.0,0.0,1,100.0,100.0
ARLP,2023q3,0.0546186071915796,21.75788736553957,0.1329650136582942,0.0700924400177538,1.0248848932808508,10.17400388305173,19.915364693433087,0.0,0.0,1,100.0,100.0
ARLP,2023q2,0.0609015320614517,21.74856988487242,0.1548966388480682,0.1021896789138085,1.0773980640366876,10.317803377242257,19.713569577581897,0.0,0.0,1,100.0,100.0
ARLP,2023q1,0.0685804209776418,21.748500297097458,0.1694223547385363,0.097300725423989,1.2182599000933123,10.24113980694813,19.609536843242825,0.0,0.0,2,100.0,100.0
ARLP,2022q4,0.078611198374206,21.72684227484521,0.1592014870853267,0.1085119945924169,1.31464723298697,9.713493436795847,19.328422930536,0.0,0.0,3,100.0,100.0
ARLP,2022q3,0.0669658490461315,21.64130743515915,0.1762699046191454,0.111193544432736,1.2919592512129023,9.857699602209362,19.27204351942077,0.0,0.0,2,100.0,100.0
ARLP,2022q2,0.0700877039213677,21.57050269547304,0.1902094599199122,0.0454694879244776,1.1266998207664225,9.937996702919657,19.18433948163684,0.0,0.0,1,100.0,100.0
ARLP,2022q1,0.017111748257844,21.52326856504688,0.2011846975148132,0.0575997721009711,0.9134813450790568,10.754888341531323,19.19533582947418,0.0,0.0,1,100.0,100.0
ARLP,2021q4,0.02400011855112,21.493099020823053,0.2086948910950511,0.0566836435575338,0.7876530445966744,10.74524588373798,18.782427416938297,0.0,0.0,1,100.0,100.0
ARLP,2021q3,0.0267792784932351,21.48825682122129,0.2131397526727858,0.0486794867320466,0.5452144884363364,10.621599503770025,18.625816095659847,0.0,0.0,2,100.0,97.5
ARLP,2021q2,0.0208152821561484,21.472563173224877,0.2358212877916609,0.0178438988557385,0.3855722689788738,10.447457871634285,18.306142659384605,0.0,0.0,1,100.0,100.0
ARLP,2021q1,0.0115043836406065,21.48928236573923,0.2593167470876449,0.0160112124508409,0.3651964201652959,10.929237170264072,18.91615936675834,0.0,0.0,1,100.0,100.0
ARLP,2020q4,0.0161716256943623,21.4961553723862,0.2815196194303274,0.0256572435291336,0.2398859528799848,10.270093668728665,18.84909431283874,0.0,0.0,2,100.0,100.0
ARLP,2020q3,0.012189536332428,21.5258681388132,0.3039160325185763,0.0152979823783018,0.2489428705308665,9.291072073008504,18.82468703726483,0.0,0.0,1,100.0,100.0
ARLP,2020q2,-0.0204162707142194,21.54990665941833,0.3407439880855502,0.0153594548194194,0.3031188795397888,9.125365102530196,18.56343538760194,0.0,0.0,1,100.0,100.0
ARLP,2020q1,-0.0604163458757872,21.597242211280363,0.345543625264509,0.0123613505306454,0.6471927015875452,8.680231685916738,18.43718885509052,0.0,0.0,2,100.0,100.0
ARLP,2019q4,0.009986492410776,21.673646449427903,0.3129515899445392,0.014103716945259,0.6606303443273933,8.895776191737832,18.41837910614857,0.0,0.0,1,100.0,100.0
ARLP,2019q3,0.0148773033574424,21.689142226025307,0.2891923341767256,0.0121111237571319,0.9267465381047992,9.0111452539806,18.42917214990334,0.0,0.0,1,100.0,100.0
ARLP,2019q2,0.0232027461311109,21.640644376942717,0.2422994812446133,0.0220619877325518,0.9699477375119298,9.31765547618065,17.978964236064808,0.0,0.0,3,100.0,100.0
ARLP,2019q1,0.111232812770358,21.63359080900998,0.2322292998756604,0.0121490626244904,0.9453563589419328,8.306104191173755,17.650626402555144,0.0,0.0,1,100.0,100.0
ARLP,2018q4,0.0207955075022507,21.59654384306668,0.2978689198195384,0.1019522722223799,1.0695184964846831,8.23492576659929,17.614949962511506,0.0,0.0,1,100.0,100.0
ARLP,2018q3,0.0332524117503009,21.51958899880556,0.2042015484088604,0.0172974957303078,1.0622793871937644,8.799157951138728,17.80532793383802,0.0,0.0,1,100.0,100.0
ARLP,2018q2,0.0380389737288786,21.54120874002857,0.2297908849456756,0.0226075696630909,0.891391225315494,8.67899566432027,17.45606548433542,0.0,0.0,2,100.0,100.0
ARLP,2018q1,0.0675439308125918,21.531264649683692,0.2256761346768808,0.0128215300430504,1.0166286491699794,8.981003934264564,17.07985045835414,0.0,0.0,2,100.0,97.5
ARLP,2017q4,0.0326772765797156,21.520489659350797,0.2586503112818902,0.0030441057398695,1.0254151318993,9.442446836113724,16.53531475932822,0.0,0.0,1,100.0,100.0
ARLP,2017q3,0.026979333397382,21.51474227167945,0.2619475114336107,0.0083352517750873,0.8923483948198195,8.334296269131299,15.83961767567476,0.0,0.0,1,100.0,100.0
ARLP,2017q2,0.0282550249883118,21.50140560811733,0.2576221010389369,0.0181210038678838,0.599501062481659,7.840584493093233,15.510816684046022,0.0,0.0,2,100.0,100.0
ARLP,2017q1,0.0373471861566127,21.51368309364035,0.2833150963836401,0.0396313414229175,0.6658496952372686,6.946754813831147,15.219957664799406,0.0,0.0,2,100.0,100.0
ARLP,2016q4,0.0441847442958228,21.508555458045556,0.3018893391006647,0.0181400994600194,0.7186226621252093,6.8355501107329,14.767149001258224,0.0,0.0,1,100.0,100.0
ARLP,2016q3,0.0300088001693197,21.531648366117956,0.3446614162702877,0.0095228971494135,0.5767705084152862,6.408182767444053,14.521849487997288,0.0,0.0,1,100.0,100.0
ARLP,2016q2,0.0256024859619841,21.585250741308307,0.4044228196309235,0.0212732531032292,0.3600548498212379,6.4460213612188575,14.24114425862696,0.0,0.0,1,100.0,100.0
ARLP,2016q1,0.0112784367503172,21.585523524744023,0.4138544109314664,0.0126611672694386,0.3181076590534003,6.025237757214903,13.84347735292782,0.0,0.0,1,100.0,100.0
ARLP,2015q4,-0.0057770837829488,21.583252848449604,0.3890027209675303,0.0141469153199358,0.4582812024478643,6.071268764806583,13.59691544875381,0.0,0.0,4,100.0,100.0
ARLP,2015q3,0.0180362921106588,21.641711445405427,0.3867588837360047,0.0143434582917729,0.4885411364556323,5.477049154491434,13.142708409246955,0.0,0.0,1,100.0,100.0
ARLP,2015q2,0.0241801359612245,21.56910363195673,0.3746946795374451,0.0185752441383406,0.6696256677816093,5.51572449601031,12.726183681415684,0.0,0.0,2,100.0,100.0
ARLP,2015q1,0.0293501380996222,21.569531450464368,0.369632497985779,0.0113238258099999,0.7654365920510009,5.533231373461162,12.7676112704302,0.0,0.0,1,100.0,100.0
ARLP,2014q4,0.0382812872665432,21.549657681528164,0.3668084719037889,0.010766023984501,0.9263314461807056,5.739792912179234,12.654412963480963,0.0,0.0,4,100.0,100.0
ARLP,2014q3,0.0383354450354756,21.49965153620849,0.3564636028122904,0.0068223161369928,0.9879263719682784,5.923908143406992,12.475719488765478,0.0,0.0,1,100.0,100.0
ARLP,2014q2,0.0474051179006672,21.482197480885432,0.3742704212981971,0.0090988125897416,0.9343802009820864,6.396912988410589,11.557002455657114,0.0,0.0,1,100.0,100.0
ARLP,2014q1,0.0380480327796707,21.482181094929693,0.398446505034275,0.006739832899336,0.8557382102978585,6.194405391104672,10.520966939871132,0.0,0.0,1,100.0,100.0
ARLP,2013q4,0.0322385901678591,21.4755768081224,0.4177500520760187,0.044136900077195,0.8010685485720666,6.584763767694766,9.17237447341749,0.0,0.0,2,100.0,100.0
ARLP,2013q3,0.0270539926748517,21.439469169874588,0.3843978055825916,0.009220442401429,0.8153938813681635,4.825509809969567,7.171672405223398,0.0,0.0,3,100.0,100.0
ARLP,2013q2,0.0358820492232173,21.426394535992,0.3945565064059883,0.0043533295743746,0.7912973291841484,4.6443908991413725,5.07258119081151,0.0,0.0,2,100.0,100.0
ARLP,2013q1,0.0360913370988698,21.416181990821748,0.4027575369910449,0.0143418129587934,0.6892354758075129,4.52720864451838,3.9561864599014327,0.0,0.0,1,100.0,100.0
ARLP,2012q4,0.0352198293227101,21.394153093528157,0.4144297566631833,0.0144598184432087,0.7097331732836153,2.613739521630969,2.9880974175698825,0.0,0.0,2,100.0,100.0
ARLP,2012q3,0.0175301631222508,21.34720708760979,0.3916284308424991,0.0011043424072306,0.6765990097857764,2.522523513359307,3.1505910008708917,0.0,0.0,2,100.0,100.0
ARLP,2012q2,0.0362535391448382,21.34322546778776,0.3922590974111454,0.0061134473785716,0.6986806239962486,1.884034745337226,2.4498658322217164,0.0,0.0,5,100.0,100.0
ARLP,2012q1,0.0473169226663047,21.2848528236495,0.4032055606851167,0.1077639377844744,1.3048643858166589,1.5623463049002495,2.47168783705558,0.0,0.0,3,100.0,100.0
ARLP,2011q4,0.0416622870798917,21.272264317363454,0.4084121562698164,0.1579700586421856,1.274093844728244,1.4973884086254774,2.2282198551626515,0.0,0.0,6,100.0,100.0
ARLP,2011q3,0.0480113627904345,21.24156248299478,0.4212748598261636,0.1829343751209678,1.3100499825880207,1.5973653311998313,2.3349752284588656,0.0,0.0,4,100.0,100.0
ARLP,2011q2,0.0467211148762922,21.209394998114615,0.446249408060221,0.2134740868752344,1.513344462851688,2.8535925063928684,2.5184513258573538,0.0,0.0,3,100.0,100.0
ARLP,2011q1,0.0610468725798544,21.169492777765143,0.4645521074547845,0.2169576921747612,1.3912845926010406,-0.2231435513142097,-0.6256585156953856,0.0,0.0,3,100.0,100.0
ARLP,2010q4,0.0450349635443935,21.1295825823086,0.4812299920467761,0.2261819596370559,1.2822930964450188,-1.3093333199837622,-2.106344497361462,0.0,0.0,4,100.0,100.0
ARLP,2010q3,0.062240138218834,20.885474818415258,0.3607115345045429,0.0172552474011696,-34.029670772066666,-2.8134107167600364,-4.522770623177332,0.0,0.0,1,100.0,100.0
APLD,2025q3,-0.0070554544715599,21.59831573660005,0.2918759730637204,0.0308091513321203,3.2199191123666524,11.60540300025889,20.878149145429184,8.0,6.085714285714286,7,100.0,85.0
APLD,2025q2,-0.0280933003224443,21.34925239499702,0.375851964343962,0.0222192514798753,1.441355173837232,11.581614703698753,20.630242529336,7.6,5.525,4,100.0,97.0
APLD,2025q1,-0.0208247064012177,21.258206540709267,0.5819953413102316,0.0402630513890849,3.181324721983984,11.37581934776722,20.58498849271612,8.1,5.8500000000000005,6,100.0,68.0
APLD,2024q4,-0.0898968291872115,21.15710393122546,0.518031401615766,0.185486489166125,3.2598232091345043,11.446106158150634,20.581368295184088,7.7,5.14,5,100.0,76.0
APLD,2024q3,-0.0045290125536933,20.658974751860683,0.4540391071222908,0.0620806371116694,2.994407072930708,11.095719198433985,20.339313709025863,8.0,6.083333333333333,6,100.0,93.0
APLD,2024q2,-0.0802021916539944,20.504604724475985,0.5323658464348913,0.0307219814981196,2.471650443563246,11.007347216285629,20.297156010255385,7.0,5.5,8,98.0,61.0
APLD,2024q1,-0.0977007562565301,20.28191652334761,0.4575942832976765,0.0528322304592268,5.267477188238471,11.166974103061063,20.204149649540128,8.0,5.714285714285714,7,100.0,83.57142857142857
APLD,2023q4,-0.021905570327096,19.990658234505343,0.3818630449346099,0.0191759560931564,3.438021729689447,10.679843807151835,19.886508851853154,8.0,5.0,3,100.0,95.0
APLD,2023q3,-0.0328136948558368,19.67102077951498,0.2977691728268123,0.0170183272089886,7.526476594710351,10.17400388305173,19.915364693433087,7.0,4.5,4,100.0,76.25
APLD,2023q2,-0.0245229336596491,19.39129676905652,0.3478218043090352,0.1650799183200294,5.05274031957256,10.317803377242257,19.713569577581897,8.0,4.6,5,100.0,86.0
APLD,2023q1,-0.0338379727080493,19.15115742737733,0.1753312749570101,0.1104057184969678,4.794935520131472,10.24113980694813,19.609536843242825,8.0,7.166666666666667,3,100.0,93.33333333333333
APLD,2022q4,-0.158961557067181,18.93615355280725,0.195845750494198,0.0627795727501299,3.3097743744981027,9.713493436795847,19.328422930536,6.0,5.5,2,95.0,85.0
APLD,2022q3,-0.0310512609649122,18.798569084290296,0.1486225328947368,0.2284128289473684,2.889665337373915,9.857699602209362,19.27204351942077,7.0,5.2,5,95.0,75.0
APLD,2022q2,-0.0233955659276546,18.60283562018922,0.1128854809134855,0.3233705617602934,2.656096577035387,9.937996702919657,19.18433948163684,5.0,5.0,1,95.0,95.0
ARBK,2025q1,-0.8274483331602451,16.773437116782365,2.085419046629972,0.447917748468169,-1.0759152246905206,11.37581934776722,20.58498849271612,7.0,4.453846153846154,13,100.0,68.46153846153847
ARBK,2024q4,-1.153442725101257,16.773437116782365,2.085419046629972,0.447917748468169,-2.428135526538918,11.446106158150634,20.581368295184088,6.0,4.888888888888889,9,95.0,71.11111111111111
ARBK,2024q3,-0.2130808132233649,17.19864579680802,1.3526117503309236,0.0856667684892916,-4.4006688242730725,11.095719198433985,20.339313709025863,8.0,5.277777777777778,9,90.0,66.11111111111111
ARBK,2024q2,-0.9820887462122349,17.32199845283414,1.349164441510906,0.119558369085836,-3.9467951765634246,11.007347216285629,20.297156010255385,8.0,5.222222222222222,9,95.0,70.55555555555556
ARBK,2024q1,-0.0415459573347379,18.14545411276793,0.8232420331840927,0.0980115880958651,0.4013639240506328,11.166974103061063,20.204149649540128,6.0,5.4,5,90.0,71.6
ARBK,2023q4,-0.1303265736107453,18.14545411276793,0.8232420331840927,0.0980115880958651,414.121835443038,10.679843807151835,19.886508851853154,7.0,5.6125,8,95.0,72.5
ARBK,2023q3,-0.1177975885832629,18.246529717283707,0.8157277693800065,0.0950640941714176,-259.4151391717583,10.17400388305173,19.915364693433087,7.0,5.555555555555555,9,95.0,63.888888888888886
ARBK,2023q2,-0.1034855444474466,18.30216744171624,0.8269386652256147,0.1029901828334684,-313.9989381830601,10.317803377242257,19.713569577581897,7.0,5.257142857142857,7,95.0,85.0
ARBK,2023q1,-0.0928456713432926,18.41066071067004,0.7647849055079139,0.1438744280476349,16.941444201312912,10.24113980694813,19.609536843242825,6.0,4.5625,8,95.0,65.0
ARBK,2022q4,-0.2508315983023924,18.09113099155295,0.1879290508482824,0.0410255162513599,9.134792329418762,9.713493436795847,19.328422930536,6.0,5.322222222222222,9,95.0,88.88888888888889
ARBK,2022q2,0.0056093908805612,19.724438071444265,0.3885630547461209,0.030329474198207,2.0188897264913725,9.937996702919657,19.18433948163684,7.0,5.894444444444444,18,95.0,68.88888888888889
ARBK,2022q1,0.0071811163751003,19.47742535267284,0.1879290508482824,0.0410255162513599,2.60284673702988,10.754888341531323,19.19533582947418,7.0,5.8875,8,95.0,76.875
ARBK,2021q4,0.1931668621024056,19.47742535267284,0.1879290508482824,0.0410255162513599,3.4666864872900254,10.74524588373798,18.782427416938297,7.0,5.04,10,95.0,74.0
BTOG,2025q1,-0.6953828807890625,15.210206774440003,1.412351388249492,0.0073767604280781,-4.232450522990932,11.37581934776722,20.58498849271612,0.0,0.0,1,100.0,100.0
BTOG,2024q2,-1.5668510915524825,15.715338622689666,0.7725068046724295,0.2107888932188139,16.43163539518983,11.007347216285629,20.297156010255385,0.0,0.0,2,95.0,95.0
BTOG,2024q1,-0.7834255457762412,15.715338622689666,0.7725068046724295,0.2107888932188139,29.52689812130558,11.166974103061063,20.204149649540128,1.0,0.5,2,15.0,12.5
BTOG,2023q4,-0.5241589525019752,16.415632579408662,0.3172220674632229,0.5115346531969649,0.5787154102520573,10.679843807151835,19.886508851853154,2.0,2.0,1,70.0,70.0
BTOG,2023q2,-1.8155603086662488,16.40596480590908,0.1556558017994833,0.001220321677814,1.6773605796120112,10.317803377242257,19.713569577581897,0.0,0.0,1,100.0,100.0
BTOG,2022q4,-0.1095548427029075,17.41438414699008,0.0744329005037142,0.0008996080179701,0.7593337482406403,9.713493436795847,19.328422930536,2.0,2.0,1,15.0,15.0
BTOG,2022q3,-0.0547637440926893,17.41438414699008,0.0744329005037142,0.0008996080179701,1.1282195983068914,9.857699602209362,19.27204351942077,2.0,1.0,2,95.0,47.5
BTOG,2022q2,0.7721342492405362,17.369569903701855,0.0490865893457528,0.0005093702964423,2.308760686350316,9.937996702919657,19.18433948163684,4.0,2.625,4,95.0,92.5
BTOG,2022q1,-0.0488343215965796,17.369569903701855,0.0490865893457528,0.0005093702964423,2.594607247517498,10.754888341531323,19.19533582947418,2.0,1.0,3,100.0,96.66666666666667
BTOG,2021q4,-0.811895552315183,17.191497886520136,0.0716003868574572,0.2514740291917944,-3.654022535006677,10.74524588373798,18.782427416938297,9.0,3.6666666666666665,3,95.0,90.0
BTOG,2020q3,-0.0091079643417838,18.26821606535925,0.1883623230210134,0.0014469200999285,1.1994429494535526,9.291072073008504,18.82468703726483,0.0,0.0,1,100.0,100.0
BTOG,2020q2,-0.0672460625299351,17.964176530200586,0.2894524203641662,0.0242028523885469,1.6766244076923316,9.125365102530196,18.56343538760194,0.0,0.0,2,100.0,100.0
BTOG,2019q3,-0.0006822488762876,17.85631734392054,0.2824692686452406,0.0397078129971672,4.154397977746872,9.0111452539806,18.42917214990334,0.0,0.0,1,100.0,100.0
BTDR,2025q1,0.2561407459535538,21.19240972171776,0.1883975291265931,0.1348921729611384,5.326816896516576,11.37581934776722,20.58498849271612,8.0,7.333333333333333,3,95.0,63.333333333333336
BTDR,2024q3,-0.0478740636046454,20.768653074867185,0.163814596825597,0.278387627301509,2.5068315839199915,11.095719198433985,20.339313709025863,7.0,7.0,1,25.0,25.0
BTDR,2024q2,-0.0214361223367946,20.53417945019957,0.1415825495490597,0.2463190832593344,1.4490011451838656,11.007347216285629,20.297156010255385,7.0,5.5,2,65.0,52.5
BTDR,2023q3,-0.0028925028193054,20.247818618215565,0.1506224994248777,0.2163939595274828,3.637781653908897,10.17400388305173,19.915364693433087,6.0,6.0,1,55.0,55.0
BTDR,2023q2,-0.0652005692933751,20.243636832043848,0.1626024009188821,0.2256495420936232,1.7691099123398517,10.317803377242257,19.713569577581897,0.0,0.0,1,100.0,100.0
BITF,2025q3,-0.1008000958467649,20.501719758991925,0.0919579821759961,0.1085165092308671,1.1470238801614772,11.60540300025889,20.878149145429184,7.0,3.6,5,100.0,33.0
BITF,2025q2,-0.0348378525273265,20.53446332405277,0.0904752702457877,0.1031934295549248,0.8381036268212461,11.581614703698753,20.630242529336,7.0,3.2,5,25.0,16.0
BITF,2025q1,-0.0461709929047893,20.47095476932833,0.0330603614143059,0.0496085600699096,1.0910593800445003,11.37581934776722,20.58498849271612,7.0,2.75,8,100.0,36.875
BITF,2024q4,0.0227151536212433,20.319223715911736,0.0021419498633945,0.0891859991372285,1.5176371575835328,11.446106158150634,20.581368295184088,6.0,3.375,8,100.0,30.625
BITF,2024q3,-0.062474323460473,20.189896332078856,0.0408352865970594,0.1242923503089708,2.269745324437917,11.095719198433985,20.339313709025863,7.0,3.4285714285714284,14,100.0,33.57142857142857
BITF,2024q2,-0.0496311112935548,20.099521577125063,0.0296062574869293,0.2586493859318498,1.5156207412472014,11.007347216285629,20.297156010255385,7.0,5.3,15,100.0,25.333333333333332
BITF,2024q1,-0.014021989668748,19.8710596169132,0.0374021333120736,0.1546662977492127,2.1599496735209924,11.166974103061063,20.204149649540128,7.0,5.4,10,35.0,18.5
BITF,2023q4,-0.1514898673179747,19.752320906008663,0.052470790151165,0.221897154927718,1.1903184603171373,10.679843807151835,19.886508851853154,7.0,4.9,10,100.0,35.0
BITF,2023q3,-0.0496008076995886,19.62304325244762,0.0790361691962367,0.1405511467951934,1.7815864,10.17400388305173,19.915364693433087,8.0,5.509090909090909,11,35.0,19.545454545454547
BITF,2023q2,-0.0800983917675202,19.601293822000173,0.0974489999600782,0.0948632987037713,1.0468006379585326,10.317803377242257,19.713569577581897,7.0,5.7749999999999995,12,100.0,40.0
BITF,2023q1,-0.0111451825701393,19.620591308543503,0.1130091390497075,0.0884927496069064,0.8410059418323186,10.24113980694813,19.609536843242825,6.5,4.55,10,60.0,23.5
BITF,2022q4,-0.0490909302881392,19.65352667860737,0.1894823053471603,0.0897965012911762,0.8417661062341913,9.713493436795847,19.328422930536,6.8,6.0,8,35.0,28.125
BITF,2022q3,-0.2249787775891341,19.74764963898744,0.2550376697792869,0.095007427843803,1.1676958344896804,9.857699602209362,19.27204351942077,6.0,4.142857142857143,7,60.0,29.285714285714285
BITF,2022q2,-0.29995244486246,19.974891317996036,0.2613101968782694,0.0971857926384647,1.7485547460656057,9.937996702919657,19.18433948163684,6.0,3.8181818181818183,11,100.0,30.454545454545453
BITF,2022q1,0.0070706485939282,20.275604352788232,0.2393646899413413,0.1209379757510706,1.60224359824864,10.754888341531323,19.19533582947418,6.0,4.0,10,45.0,22.0
BITF,2021q4,0.0178349278548877,20.111858999184804,0.1561814050097035,0.2314743994972234,2.7601823919867856,10.74524588373798,18.782427416938297,6.0,3.9,10,55.0,25.0
BITF,2021q3,0.0737149490782766,19.58992670614412,0.0655118912760875,0.1341903665497817,2.6326080555344906,10.621599503770025,18.625816095659847,4.9,3.9799999999999995,5,35.0,25.0
BITF,2021q2,-0.015893678856866,19.258897495603374,0.0929791025153098,0.1566273397225201,4.046012373586558,10.447457871634285,18.306142659384605,4.0,3.0,2,30.0,17.5
FUFU,2025q3,0.0230703121877123,20.030798425291223,0.3827537274653236,0.0652196486389255,2.827082824098904,11.60540300025889,20.878149145429184,9.0,8.95,2,98.0,96.5
FUFU,2025q2,0.1007795040686049,19.96313448040493,0.0855422846205665,0.0857262005325007,2.901595361179486,11.581614703698753,20.630242529336,9.0,9.0,1,95.0,95.0
FUFU,2025q1,-0.0439415050850989,19.766061960564635,0.1041761618897555,0.0550050134777909,5.678740108991465,11.37581934776722,20.58498849271612,5.0,5.0,1,100.0,100.0
FUFU,2024q3,-0.0177246102390769,19.45934838790054,0.3625440195367109,0.1369587145410465,6.278633496846531,11.095719198433985,20.339313709025863,0.0,0.0,1,100.0,100.0
CAN,2025q3,-0.0414620218444038,20.32279260317572,0.0711325171676159,0.1779215902889901,0.9435154480710856,11.60540300025889,20.878149145429184,3.0,1.0,3,100.0,98.33333333333333
CAN,2025q1,-0.1528253712289189,20.15331633967768,0.4084844241221881,0.1711118655336183,2.71778228239276,11.37581934776722,20.58498849271612,4.0,3.0,2,40.0,35.0
CAN,2024q4,-0.2006475008153154,19.95326136986764,0.0157210087881281,0.208392457198641,1.1685137318500378,11.446106158150634,20.581368295184088,4.0,1.6666666666666667,3,95.0,53.333333333333336
CAN,2024q3,-0.1505130084279956,20.03438155729946,0.0537822422610607,0.1429533034875014,0.8788209280380993,11.095719198433985,20.339313709025863,2.0,2.0,1,25.0,25.0
CAN,2024q1,-0.0737537791954295,20.094426622823345,0.0070234941129288,0.1024854195216021,0.8657225482523675,11.166974103061063,20.204149649540128,0.0,0.0,1,95.0,95.0
CAN,2023q4,-0.4528326731094654,20.018778319141862,0.000425706383527,0.1949211106315501,0.9926418818814772,10.679843807151835,19.886508851853154,0.0,0.0,3,95.0,70.0
CAN,2022q4,-0.1300862711510416,20.352198388881817,0.002103768793761,0.1482580758300566,0.7942681338838219,9.713493436795847,19.328422930536,0.0,0.0,1,95.0,95.0
CANG,2024q4,0.0093622490586873,22.50989952510878,0.028402043514475,0.2160428886084923,0.0695531880595992,11.446106158150634,20.581368295184088,3.0,3.0,1,65.0,65.0
CIFR,2025q3,-0.0011556335286493,21.767374772215412,0.3674851260143914,0.4250253267841566,2.6238599479823037,11.60540300025889,20.878149145429184,8.0,7.0,2,98.0,96.5
CIFR,2025q2,-0.0449380079096233,20.74185105683615,0.1858025303334743,0.0615493949010511,1.4272842804952304,11.581614703698753,20.630242529336,8.0,5.5,4,95.0,52.5
CIFR,2025q1,-0.0426519382966802,20.633113532404217,0.0638909073399635,0.0253591626978568,2.8113266592723143,11.37581934776722,20.58498849271612,8.2,6.6,2,95.0,62.5
CIFR,2024q4,0.0204688548429708,20.567133528322422,0.0659176616642079,0.0065287580981149,2.6339798050598797,11.446106158150634,20.581368295184088,7.8,7.8,1,95.0,95.0
CIFR,2024q3,-0.1118774163762931,20.46893858896445,0.0298605433316396,0.0326808848676489,2.5891962742209347,11.095719198433985,20.339313709025863,7.0,7.0,1,95.0,95.0
CIFR,2024q2,-0.0197152626638748,20.469137166684423,0.03006606566339,0.1580173596426987,1.6928850809313072,11.007347216285629,20.297156010255385,7.0,5.0,3,95.0,68.33333333333333
CIFR,2024q1,0.0589242122394006,20.333390080978287,0.0309315194324372,0.130955000509495,1.5399116296902768,11.166974103061063,20.204149649540128,7.0,6.5,2,95.0,85.0
CIFR,2023q4,0.0198467862019263,20.15434665634817,0.0388209920920201,0.1520921614379558,1.971949298362017,10.679843807151835,19.886508851853154,7.0,7.0,2,95.0,95.0
CIFR,2023q3,-0.0447093567672693,19.847373009679096,0.0606665226055847,0.0080242022617589,2.792050851068176,10.17400388305173,19.915364693433087,7.5,6.25,2,95.0,90.0
CIFR,2023q2,-0.0316709180918739,19.847932290453816,0.0706008547644358,0.0041778351566868,1.676771958392821,10.317803377242257,19.713569577581897,7.0,5.5,2,95.0,92.5
CIFR,2023q1,-0.0110326277911724,19.838195148048225,0.0504307159213443,0.0095036165598458,0.865837439498578,10.24113980694813,19.609536843242825,7.8,7.4,2,95.0,82.5
CIFR,2022q4,-0.1233729146901876,19.852099032993685,0.0493687613958701,0.0285019225116676,0.729172677052833,9.713493436795847,19.328422930536,7.0,6.0,2,95.0,92.5
CIFR,2022q3,0.1455043399518519,19.82553431258354,0.0141450282581541,0.0689852341021809,1.1149793369877317,9.857699602209362,19.27204351942077,7.0,6.5,2,95.0,85.0
CIFR,2022q2,-0.0854479150521566,19.650178009908256,0.0175405248120344,0.1083254618351752,2.3955624492961296,9.937996702919657,19.18433948163684,6.0,3.0766666666666667,3,95.0,60.0
CIFR,2022q1,-0.0488961414548411,19.695711086872468,0.0162987138182803,0.2780114060260254,2.220563674692112,10.754888341531323,19.19533582947418,8.0,2.5,4,100.0,90.0
CIFR,2021q4,-0.1950226008777582,19.685279726799408,0.0003474912237642,0.5924920386053347,5.602266529502334,10.74524588373798,18.782427416938297,8.0,5.666666666666667,3,90.0,68.33333333333333
CIFR,2021q2,-0.0032158132381487,18.95370556799681,0.0011701452396228,0.0007495074788372,11.932212956425678,10.447457871634285,18.306142659384605,7.0,3.3333333333333335,6,100.0,91.66666666666667
CLSK,2025q3,-0.0002905487476406,21.881288206252755,0.2589612301174351,0.0134959108012203,1.4862602456132443,11.60540300025889,20.878149145429184,9.0,5.8999999999999995,6,100.0,71.66666666666667
CLSK,2025q2,0.0829803950394236,21.85525390576324,0.056877630111641,0.0111395997894137,1.2390523700677447,11.581614703698753,20.630242529336,9.0,7.5,2,95.0,62.5
CLSK,2025q1,-0.0522363961132074,21.700462750995165,0.0020398961534784,0.036500592021522,1.550981073170938,11.37581934776722,20.58498849271612,9.0,8.5,2,95.0,95.0
CLSK,2024q4,0.088796355330782,21.74546205595446,0.2333860565928301,0.0995213889004825,1.531926452794984,11.446106158150634,20.581368295184088,9.0,7.25,4,100.0,60.75
CLSK,2024q3,-0.0316809516870454,21.397567551984658,0.034113871874016,0.0617640734879464,2.280701096805447,11.095719198433985,20.339313709025863,8.0,4.625,8,100.0,95.625
CLSK,2024q2,-0.160101655286922,21.112313581282496,0.0080788845026515,0.0854859969842264,2.67092783549268,11.007347216285629,20.297156010255385,8.0,7.0,6,95.0,72.5
CLSK,2024q1,0.0824391878047114,21.15330322520204,0.0087399134204766,0.2081941566952771,1.1671181276859866,11.166974103061063,20.204149649540128,8.0,6.25,4,95.0,95.0
CLSK,2023q4,0.0300313771036394,20.57561349709774,0.0176346972578938,0.0561681451112803,0.9144461675308828,10.679843807151835,19.886508851853154,7.0,6.0,2,95.0,95.0
CLSK,2023q3,-0.0983208548566266,20.450903154469582,0.0219833030891123,0.0383611396337604,1.3230347283850172,10.17400388305173,19.915364693433087,7.23,7.23,1,95.0,95.0
CLSK,2023q2,-0.0217814562739448,20.296785957191847,0.0293396323239936,0.0334450056142511,0.7438772927268872,10.317803377242257,19.713569577581897,7.0,5.666666666666667,3,95.0,95.0
CLSK,2023q1,-0.0347284278331605,20.091313468554656,0.0449287277091842,0.0194618410581823,0.5382927992470684,10.24113980694813,19.609536843242825,7.0,6.333333333333333,3,95.0,93.33333333333333
CLSK,2022q4,-0.059637748593333,20.00334132227345,0.0537091018901413,0.0042338672402211,0.5410671256454389,9.713493436795847,19.328422930536,7.0,4.333333333333333,3,100.0,95.0
CLSK,2022q3,-0.0934574367485127,19.9305740223217,0.0490892266055645,0.045208683363888,0.549708519858099,9.857699602209362,19.27204351942077,7.8,4.8,5,100.0,95.0
CLSK,2022q2,-0.0713766455965922,19.834246886306826,0.0490533491138484,0.006475185167172,0.7108286894843044,9.937996702919657,19.18433948163684,5.0,5.0,1,95.0,95.0
CLSK,2022q1,-0.0004025449276391,19.867122681355852,0.0046358580467827,0.0045031994835824,0.6938437950129561,10.754888341531323,19.19533582947418,7.1,4.025,4,100.0,80.0
CLSK,2021q4,0.0346435038882741,19.85133827263171,0.0052976173651589,0.0124655725994956,2.0814449618721493,10.74524588373798,18.782427416938297,5.0,3.4333333333333336,6,95.0,78.33333333333333
CLSK,2021q3,-0.0169065997873879,19.57590371444559,0.0048406712201629,0.0458974226041643,1.6513536434769596,10.621599503770025,18.625816095659847,4.0,2.6,5,100.0,63.0
CLSK,2021q2,-0.0560592493658778,19.51088720577336,0.0047981937445642,0.0746578305878593,2.6011820751759465,10.447457871634285,18.306142659384605,5.0,2.6125,8,100.0,80.625
CLSK,2021q1,0.0252894103027608,19.494360094154157,0.0056920174413817,0.5374838409211885,3.041374679293043,10.929237170264072,18.91615936675834,4.8,1.91875,8,100.0,61.875
CLSK,2020q4,-0.0916943728309573,18.17443150022364,0.0305476579456039,0.3278881399264316,2.321227751641596,10.270093668728665,18.84909431283874,3.1,1.525,4,100.0,75.0
CLSK,2020q3,-0.316158463832443,16.921892171655067,0.0256249501176429,0.1399370270352415,7.587482075310027,9.291072073008504,18.82468703726483,0.0,0.0,3,100.0,98.33333333333333
CLSK,2020q2,-0.4145275345951853,16.842174671294735,0.0355903228883964,0.0948103149924492,0.9085013798969456,9.125365102530196,18.56343538760194,0.0,0.0,4,100.0,98.75
CLSK,2020q1,-0.2585516457023448,16.928611158972867,0.2739442945032631,0.2003724121881468,1.8956377393967547,8.680231685916738,18.43718885509052,0.0,0.0,5,100.0,100.0
CLSK,2019q4,-0.0798690048276144,16.99311766354557,0.193139761045777,0.2658085917622958,1.14057335733512,8.895776191737832,18.41837910614857,0.0,0.0,3,100.0,96.66666666666667
CLSK,2019q3,-0.5162102037649847,16.96970927075829,0.1328733684352289,0.3345042547122904,2.951034879380785,9.0111452539806,18.42917214990334,0.0,0.0,2,100.0,100.0
CLSK,2019q2,-0.1206848738981314,17.309352782695676,0.0559740516582912,0.2435597589596137,3.236524415786631,9.31765547618065,17.978964236064808,0.0,0.0,5,100.0,100.0
CLSK,2019q1,-0.3177416242960018,17.011653743239542,0.023480144422059,0.0640500415437455,3.8868783514080656,8.306104191173755,17.650626402555144,0.0,0.0,4,100.0,98.75
CLSK,2018q4,-0.106523347058708,16.880829946407626,0.0531700746442299,0.215599150219793,4.586779059933102,8.23492576659929,17.614949962511506,0.0,0.0,2,95.0,95.0
CLSK,2018q3,-2.191137992973435,16.680887076927778,0.0603503302809088,0.0235124713610913,6.297601910922247,8.799157951138728,17.80532793383802,0.0,0.0,3,100.0,88.33333333333333
CLSK,2018q2,-0.3166014394304507,16.782724419882676,0.0483188124019687,0.0008993353530522,201.5501921438384,8.67899566432027,17.45606548433542,1.0,0.25,4,100.0,90.0
CLSK,2018q1,-0.054136846687963,16.849533833778125,0.0367970793628367,0.0082876053424838,4.286812091254448,8.981003934264564,17.07985045835414,0.0,0.0,2,100.0,97.5
CLSK,2017q3,-0.4829609304219797,16.850117427087458,0.0111117780085627,0.0027474892513284,5.68207679246603,8.334296269131299,15.83961767567476,0.0,0.0,1,100.0,100.0
CLSK,2017q2,-0.0476554645321576,17.230832089221106,0.0005068898134341,0.0049314860673004,4.869975696879891,7.840584493093233,15.510816684046022,0.0,0.0,1,100.0,100.0
CLSK,2017q1,-0.0379453415837437,17.270273635153693,0.000649715240906,0.0075323872652906,3.1082112032854794,6.946754813831147,15.219957664799406,0.0,0.0,2,100.0,97.5
CLSK,2016q4,-0.024538104984967,17.291106564774573,6.996299542372078e-05,0.0063555239080357,3.444260581744727,6.8355501107329,14.767149001258224,0.0,0.0,2,100.0,97.5
CLSK,2016q3,-0.0649615309624827,17.312610125978473,6.84746021007802e-05,0.0132203226804296,2.787540956081817,6.408182767444053,14.521849487997288,0.0,0.0,5,100.0,97.0
CORZ,2025q3,-0.0638768630388766,21.5544256045644,0.4612440003832786,0.1974943161525797,-3.824009255647364,11.60540300025889,20.878149145429184,9.8,9.4,2,98.0,96.5
CORZ,2025q2,-0.4735967507426498,21.405378358982368,0.5876791909413909,0.2938977337299525,-2.419213453124907,11.581614703698753,20.630242529336,9.8,9.8,1,95.0,95.0
CORZ,2025q1,0.3572679714354446,21.209001934362185,0.7346956479474532,0.4294047328271514,-24.560280209578693,11.37581934776722,20.58498849271612,8.0,8.0,4,95.0,75.0
CORZ,2024q4,-0.1660861325419138,21.19252856679396,0.7504113984419711,0.5230104796364807,-4.960716354946475,11.446106158150634,20.581368295184088,8.6,7.8,2,95.0,95.0
CORZ,2024q3,-0.4938531281085555,20.641894163255262,0.6158717623563895,0.274468433618882,-3.909731352696413,11.095719198433985,20.339313709025863,8.0,7.75,4,95.0,71.25
CORZ,2024q2,-1.0570486016263578,20.450742947934128,0.8153997079279696,0.126234477107016,-0.7772120237223146,11.007347216285629,20.297156010255385,9.0,8.9,2,95.0,95.0
CORZ,2024q1,0.2588443280325516,20.517431611154763,0.8056029229650306,0.1205514221689304,-3.33527956823826,11.166974103061063,20.204149649540128,8.5,7.08,5,98.0,84.6
DGXX,2025q2,-0.2784777801102499,17.434362239194066,0.002729957704197,0.1148451669441545,1.856009963597421,11.581614703698753,20.630242529336,1.0,0.1111111111111111,9,100.0,38.888888888888886
DGXX,2025q1,-0.0511422372688909,17.31251463251137,0.0034663088080286,0.0243628096337246,1.6367207819696314,11.37581934776722,20.58498849271612,3.0,0.3333333333333333,12,100.0,30.833333333333332
HUT,2025q3,0.0135307205570396,22.042491842260485,0.1453191530640466,0.0124591688678705,1.2882562967539202,11.60540300025889,20.878149145429184,7.0,6.5,2,90.0,80.0
HUT,2025q2,0.0679303342048566,21.42703886272257,0.1790844305704313,0.1069826577584948,1.156561819962267,11.581614703698753,20.630242529336,8.0,6.666666666666667,3,95.0,83.33333333333333
HUT,2025q1,-0.0851774591365896,21.175540100702648,0.2257553520204748,0.0689504244272633,2.3238889643372773,11.37581934776722,20.58498849271612,8.5,7.75,2,95.0,80.0
HUT,2024q4,0.1002231937110727,21.14122589041389,0.2275713363970346,0.0559919939954966,1.633658689699376,11.446106158150634,20.581368295184088,9.0,7.5,2,98.0,84.0
HUT,2024q3,0.0005885975821102,20.817869403522035,0.3129210360409125,0.0657573576972097,2.0050773373489696,11.095719198433985,20.339313709025863,9.0,8.0,2,98.0,64.0
HUT,2024q2,-0.0661154743844626,20.80666628570799,0.3393089274198074,0.1614348785668878,1.073893467588497,11.007347216285629,20.297156010255385,9.2,7.733333333333333,3,95.0,71.66666666666667
HUT,2024q1,0.2511170723894939,20.72230537585129,0.2188611066623959,0.0115570948110185,0.956190482839742,11.166974103061063,20.204149649540128,8.9,8.9,1,95.0,95.0
HUT,2023q4,0.0108325390358559,20.699865803215936,0.2751174334448679,0.0417863504242805,0.8404170421813716,10.679843807151835,19.886508851853154,8.0,8.0,2,95.0,90.0
GPUS,2025q3,-0.0536853222439499,19.30607505937784,0.4067881218181968,0.1967375430084903,0.4995600386307544,11.60540300025889,20.878149145429184,3.0,1.5,2,100.0,97.5
GPUS,2025q2,-0.0892314321712778,19.17915207446273,0.5343675205268359,0.0277141559055929,1.9852694610778443,11.581614703698753,20.630242529336,4.0,2.5,6,98.0,82.16666666666667
GPUS,2025q1,-0.019240536447204,19.20252080365114,0.5505493047325771,0.0194052592324833,4.132900158478606,11.37581934776722,20.58498849271612,0.0,0.0,3,100.0,70.0
GPUS,2024q4,-0.0020157089406883,19.212613875002983,0.5449253961207795,0.0205919389761104,0.4209408227188513,11.446106158150634,20.581368295184088,4.8,1.2,4,100.0,93.75
IREN,2025q3,0.09012826154914,22.17426448671368,0.2262824866065172,0.2418965387144412,1.2668570903080385,11.60540300025889,20.878149145429184,9.0,9.0,1,95.0,95.0
IREN,2025q1,0.0121758708986784,21.411277352525577,0.1628718108510846,0.0926410537980806,1.6424786207873778,11.37581934776722,20.58498849271612,8.0,7.5,2,95.0,82.5
IREN,2024q4,0.0101912334335088,21.339576248648108,0.172728853258117,0.2306987487595041,1.567175066529526,11.446106158150634,20.581368295184088,8.0,7.05,6,35.0,26.666666666666668
IREN,2024q3,-0.0403579113822781,20.971071561363324,0.0020293300635102,0.0769498544736191,1.6872880491045976,11.095719198433985,20.339313709025863,7.8,4.254545454545454,11,100.0,42.09090909090909
IREN,2024q2,-0.0234433880036391,20.865661698812485,0.0014353448687071,0.3509014919781134,0.6098376162959709,11.007347216285629,20.297156010255385,8.0,7.071428571428571,7,99.0,55.57142857142857
IREN,2024q1,0.011937485057414,20.3997534574138,0.0023728480948807,0.358891546884134,0.6494122605870888,11.166974103061063,20.204149649540128,8.0,5.96,10,100.0,63.0
IREN,2023q4,-0.0125321513926077,19.848997179208823,0.0032576881680478,0.2164768545930047,0.5861189151704344,10.679843807151835,19.886508851853154,9.8,4.672727272727273,11,100.0,52.72727272727273
IREN,2023q3,-0.0127071412647692,19.848997179208823,0.0032576881680478,-0.1651472911328077,1.5283438604143949,10.17400388305173,19.915364693433087,6.9,4.985714285714286,7,40.0,23.571428571428573
IREN,2023q2,-0.0208507742250221,19.620868393610397,0.0043604738702819,0.2074658058143667,0.7403993961245869,10.317803377242257,19.713569577581897,7.0,5.388888888888889,9,95.0,72.77777777777777
IREN,2023q1,-0.0091937339267753,19.620868393610397,0.003782289489692,0.2074658058143667,0.3753515680784383,10.24113980694813,19.609536843242825,7.0,3.7875,8,100.0,51.25
IREN,2022q4,-0.3494410797295821,19.83642467804753,0.2718233787670983,0.0987025281887584,0.6645221428571428,9.713493436795847,19.328422930536,7.0,4.0,8,95.0,50.0
IREN,2022q2,-0.0310739070224029,20.16195361087316,0.1898240016828524,0.1927742523577463,1.0536371569317864,9.937996702919657,19.18433948163684,6.0,3.6666666666666665,6,100.0,35.0
IREN,2022q1,-0.0047961625446036,20.138670599418067,0.1526290776764287,0.2834809130609854,1.52074742910809,10.754888341531323,19.19533582947418,8.0,4.583333333333333,6,95.0,45.0
IREN,2021q4,0.1422284237713472,20.018930368260296,0.0646081154996977,0.5155630089796227,1.813530139900388,10.74524588373798,18.782427416938297,2.0,2.0,1,10.0,10.0
LMFA,2025q3,-0.0677777715162589,17.912448404715473,0.1432826118725478,0.0048469308835877,0.3841307221398772,11.60540300025889,20.878149145429184,3.0,1.4545454545454546,11,100.0,52.27272727272727
LMFA,2025q2,0.0025760705401762,17.47994026311908,0.1885084207256011,0.0214473230926711,0.2400871670677858,11.581614703698753,20.630242529336,3.0,2.0,6,100.0,43.333333333333336
LMFA,2025q1,-0.137998536396123,17.482176125531616,0.0191214281775979,0.026299523575952,0.304123709982234,11.37581934776722,20.58498849271612,3.0,1.6666666666666667,6,100.0,50.833333333333336
LMFA,2024q4,0.0446295538481709,17.600772911767315,0.1747932815290861,0.087300028548904,0.2756486627003543,11.446106158150634,20.581368295184088,5.0,2.2,8,100.0,59.375
LMFA,2024q3,-0.1285879981991395,17.413804993595107,0.1773463594007499,0.1618468503840349,0.3179451238821351,11.095719198433985,20.339313709025863,4.5,2.0714285714285716,7,100.0,73.57142857142857
LMFA,2024q2,-0.177895776949869,17.345896821350433,0.050586178090843,0.0048772377050445,0.1873120016201586,11.007347216285629,20.297156010255385,3.0,1.6,10,100.0,66.5
LMFA,2024q1,0.0483027903955688,17.508267036696047,0.0123511463544289,0.0206041122955821,0.200329961678733,11.166974103061063,20.204149649540128,3.0,0.8,5,100.0,46.0
LMFA,2023q3,-0.1149184766446765,17.464498157760072,0.0074085224962791,0.0122023687644419,0.2490637500715526,10.17400388305173,19.915364693433087,3.0,1.2,5,100.0,62.0
LMFA,2023q2,-0.1074485359124628,17.56120061682848,0.0086339732855517,0.0436305377366777,0.2497909925335388,10.317803377242257,19.713569577581897,4.0,1.75,8,100.0,80.0
LMFA,2023q1,-0.1167326680660431,17.647244038595378,0.0123150358533147,0.1037276169261558,0.2178395012096797,10.24113980694813,19.609536843242825,3.0,0.75,4,100.0,97.5
LMFA,2022q4,-0.408162717017445,17.78937378489162,0.0140251994289562,0.0796773159754597,0.2587970487257219,9.713493436795847,19.328422930536,3.0,0.6,5,100.0,98.0
LMFA,2022q3,-0.0980484781989581,18.03435202654818,0.0043148590537012,0.1497351817153633,0.1503688711392161,9.857699602209362,19.27204351942077,3.0,1.52,5,100.0,81.0
LMFA,2022q2,0.0406452865434541,18.063714014591262,0.0045205902784952,0.2435938524807909,0.2808248770193767,9.937996702919657,19.18433948163684,3.0,2.0,4,95.0,58.75
LMFA,2022q1,-0.0958892728480524,17.90544705224809,0.0066273327728905,0.4107477358162898,0.4673985090719865,10.754888341531323,19.19533582947418,3.0,1.5,2,100.0,97.5
LMFA,2021q4,-0.0843502991219188,17.944320007047878,0.0029416812694704,0.5242692247179611,0.6499381861275166,10.74524588373798,18.782427416938297,4.0,0.9181818181818181,11,100.0,95.0
LMFA,2021q3,-0.1702500186426841,17.288235635729226,0.0082863821639459,0.5417877742906726,0.9211613012218112,10.621599503770025,18.625816095659847,2.0,0.6666666666666666,3,100.0,95.0
LMFA,2021q2,0.2967808701968547,17.437890716544985,0.0032408817453431,0.5924589401698148,0.9719336215362115,10.447457871634285,18.306142659384605,0.0,0.0,4,100.0,100.0
LMFA,2021q1,0.1655236353139842,17.090385849797304,0.0140304845005629,0.6733382556866266,2.635682478211916,10.929237170264072,18.91615936675834,0.0,0.0,7,100.0,100.0
LMFA,2020q4,-0.0244077701273723,16.326525890412725,0.0368331705558708,0.9379345366687694,1.447171042221762,10.270093668728665,18.84909431283874,0.0,0.0,5,100.0,100.0
LMFA,2020q3,-0.2126178086564198,16.37600995208604,0.0414155034055439,0.94531310907453,3.3970651762195416,9.291072073008504,18.82468703726483,0.0,0.0,4,100.0,100.0
LMFA,2020q2,-0.0636215756235442,15.744703754129707,0.058966983219237,0.9062637548130044,2.359972221623892,9.125365102530196,18.56343538760194,0.0,0.0,6,100.0,100.0
LMFA,2020q1,-0.1811243438238259,14.928232173624444,0.0913581942978241,0.253692202924577,6.673285618719116,8.680231685916738,18.43718885509052,0.0,0.0,7,100.0,99.28571428571429
LMFA,2019q4,-0.2379001971169696,15.848992058146813,0.5430929158954072,0.1400174409450725,5.747760946056774,8.895776191737832,18.41837910614857,0.0,0.0,2,100.0,97.5
LMFA,2019q3,-0.0291051140414401,16.078124752486385,0.4679089908238548,0.294167029031739,4.404097747244567,9.0111452539806,18.42917214990334,0.0,0.0,2,100.0,100.0
LMFA,2019q2,-0.0473030858101662,16.0692997617725,0.4352100615776025,0.3248438247308965,5.057658358515644,9.31765547618065,17.978964236064808,0.0,0.0,6,100.0,100.0
LMFA,2019q1,-0.075420888089712,15.617149068375737,0.7138685464046282,0.5810237627500838,1.0011673110218915,8.306104191173755,17.650626402555144,0.0,0.0,3,100.0,98.33333333333333
LMFA,2018q4,-0.0547360801958159,15.617149068375737,0.0070755869065253,0.5810237627500838,1.2982879323574208,8.23492576659929,17.614949962511506,0.0,0.0,7,100.0,99.28571428571429
LMFA,2018q3,-0.2805808577070752,14.553339474649109,0.2723595312208627,0.4442734258077164,16.788391681681002,8.799157951138728,17.80532793383802,0.0,0.0,6,100.0,100.0
LMFA,2018q2,0.1866902223436094,14.70688463215183,0.1768713927293992,0.493087081367968,16.794114959322595,8.67899566432027,17.45606548433542,0.0,0.0,6,100.0,99.16666666666667
LMFA,2018q1,-0.0049375497948962,14.406713048950897,0.0086432036160714,0.2574014801576162,75.24705444917045,8.981003934264564,17.07985045835414,0.0,0.0,4,100.0,100.0
LMFA,2017q4,-1.384886174330659,14.492689420858564,0.019828106956349,0.2999486363222997,83.65576605130755,9.442446836113724,16.53531475932822,0.0,0.0,4,100.0,100.0
LMFA,2017q3,-1.1378635112027211,15.234744166226657,2.2864434048686118,0.1457634597023525,-46.50155787287196,8.334296269131299,15.83961767567476,0.0,0.0,2,100.0,100.0
LMFA,2017q2,-0.0885835798754718,16.009290877314587,0.5494688124891641,0.0915180027327293,28.044913552235457,7.840584493093233,15.510816684046022,0.0,0.0,4,100.0,100.0
LMFA,2017q1,-0.0433197303194889,16.045593235362432,0.5381909944858604,0.1499666420626118,22.225516773974924,6.946754813831147,15.219957664799406,0.0,0.0,2,100.0,100.0
LMFA,2016q4,-0.0523585507130316,16.11957186082418,0.5153265081495108,0.2264834160494701,35.663628222181394,6.8355501107329,14.767149001258224,0.0,0.0,1,100.0,100.0
LMFA,2016q3,-0.0825373001460279,16.220287732425646,0.5195253468728044,0.3288870980236299,35.45672373127092,6.408182767444053,14.521849487997288,0.0,0.0,3,100.0,100.0
LMFA,2016q2,-0.0399167454397017,16.33444948421643,0.5105812805628099,0.4696784223742483,29.57075935342589,6.4460213612188575,14.24114425862696,0.0,0.0,5,100.0,99.0
LMFA,2016q1,-0.0320654768764714,16.425987326703844,0.5096959061370313,0.5346377386381543,29.601581469246906,6.025237757214903,13.84347735292782,0.0,0.0,3,100.0,100.0
MARA,2025q3,0.0134523029041631,22.93738871918213,0.3979375043768,0.0902827448274008,1.4655173188922777,11.60540300025889,20.878149145429184,10.0,9.666666666666666,3,98.0,96.0
MARA,2025q2,0.104674087473028,22.76726710061472,0.3425926993179902,0.0141780493620169,1.2302634530985446,11.581614703698753,20.630242529336,10.0,9.5,2,98.0,96.5
MARA,2025q1,-0.0827377558908865,22.586484511535893,0.4091268667624804,0.0304471478231022,1.694287210847936,11.37581934776722,20.58498849271612,10.0,7.2,5,100.0,82.0
MARA,2024q4,0.077709655350574,22.640382106846197,0.3637047060150262,0.057602226157081,1.705337101360052,11.446106158150634,20.581368295184088,10.0,9.666666666666666,3,95.0,95.0
MARA,2024q3,-0.0348558118670479,21.998670256604655,0.1785051404285129,0.0458796547294539,2.031637145069343,11.095719198433985,20.339313709025863,10.0,9.5,2,95.0,95.0
MARA,2024q2,-0.0640516753257377,21.860186563797143,0.111303095290417,0.0821348312804464,1.6935667222395658,11.007347216285629,20.297156010255385,10.0,8.833333333333334,6,100.0,86.66666666666667
MARA,2024q1,0.1140258648414754,21.80743668145944,0.1151493056952905,0.1096616251610169,1.9177605227153536,11.166974103061063,20.204149649540128,10.0,9.333333333333334,3,95.0,73.33333333333333
MARA,2023q4,0.1122084528519472,21.41188930091191,0.1638053353812432,0.1794665221477137,1.2722721600313385,10.679843807151835,19.886508851853154,10.0,9.0,4,95.0,92.5
MARA,2023q3,-0.0002818367081472,21.04808472196891,0.2354449406697596,0.0731402390553411,3.2273332886613404,10.17400388305173,19.915364693433087,10.0,8.5,2,100.0,95.0
MARA,2023q2,-0.0065261859387709,21.040436563548347,0.5351064674196806,0.0827788648281396,2.7800953414524634,10.317803377242257,19.713569577581897,10.0,9.299999999999999,6,95.0,93.33333333333333
MARA,2023q1,0.0910315875367733,20.988650151851893,0.5633000800655249,0.09577339922634,2.102582686065704,10.24113980694813,19.609536843242825,10.0,8.0,3,95.0,95.0
MARA,2022q4,-0.3402755939373048,20.901616185587567,0.6555264029771327,0.0867647108038191,4.25503163324636,9.713493436795847,19.328422930536,7.0,7.0,1,95.0,95.0
MARA,2022q3,-0.0491008998915895,21.11245076110423,0.5303102097238805,0.0374984728472941,2.421643766717213,9.857699602209362,19.27204351942077,10.0,7.5,2,95.0,95.0
MARA,2022q2,-0.140851325600358,21.135095685055955,0.5078085312313636,0.0572752732041312,2.5888648891024992,9.937996702919657,19.18433948163684,6.0,6.0,3,95.0,88.33333333333333
MARA,2022q1,-0.0083551121099325,21.153813886009765,0.4750748388638676,0.0903378146327025,3.135245250449895,10.754888341531323,19.19533582947418,10.0,8.0,2,95.0,95.0
MARA,2021q4,0.0079585592162159,21.093617917079115,0.5029578643162501,0.1854120856504068,7.851637493387653,10.74524588373798,18.782427416938297,7.9,7.033333333333334,3,95.0,95.0
MARA,2021q1,0.1213899163245359,20.347387517095942,0.0015459848887763,0.308633235279961,2.9196772307890617,10.929237170264072,18.91615936675834,4.0,2.3000000000000003,3,100.0,71.66666666666667
MARA,2020q4,-0.0167093576922771,19.56251610703989,0.0005876944033412,0.4511483384747283,0.6845916964355517,10.270093668728665,18.84909431283874,7.0,2.888888888888889,9,100.0,87.77777777777777
MARA,2020q3,-0.0531438316056228,17.440615572289456,0.0053308052746029,0.4597048805147979,2.9450909581243576,9.291072073008504,18.82468703726483,4.0,3.05,2,95.0,92.5
MARA,2020q2,-0.2016634371717201,16.187327453898877,0.0202673435822442,0.0723271567026343,1.497616862708352,9.125365102530196,18.56343538760194,2.0,2.0,1,85.0,85.0
MARA,2020q1,-0.1866461119274708,15.550367521781496,0.2087426917969407,0.0837219838616598,5.976829030216569,8.680231685916738,18.43718885509052,3.0,3.0,1,95.0,95.0
MARA,2019q4,-0.1740064368949549,15.705600187715447,0.1824095062781327,0.1046777912018226,3.130586946962337,8.895776191737832,18.41837910614857,2.8,2.4,4,95.0,90.0
MARA,2019q3,-0.0982298095278645,15.854132839495117,0.15882013864285,0.1748673603887281,4.703958333154216,9.0111452539806,18.42917214990334,2.4,2.2,2,95.0,82.5
MARA,2019q2,-0.1365956524404874,15.236867479861209,0.2991480513612012,0.4075628243929498,10.874642910425884,9.31765547618065,17.978964236064808,2.0,2.0,1,65.0,65.0
MARA,2019q1,-0.22411692168964,15.354982768722689,0.2699734391733905,0.4213705798359505,3.9953738347653966,8.306104191173755,17.650626402555144,1.0,1.0,1,90.0,90.0
MARA,2018q4,-0.845970945847219,15.463112279070986,0.1923389457363326,0.4911286095100074,20.54963647182316,8.23492576659929,17.614949962511506,1.0,1.0,2,90.0,50.0
MARA,2018q3,-0.1513029686019055,15.996992196307096,0.112773258484215,0.3599308894044228,16.78410241859259,8.799157951138728,17.80532793383802,2.0,0.6666666666666666,3,100.0,96.66666666666667
MARA,2018q2,-0.4317853004584085,16.197918334428305,0.0922454632326804,0.3907885273221647,22.66240346581277,8.67899566432027,17.45606548433542,1.0,0.3333333333333333,3,95.0,93.33333333333333
MARA,2018q1,-0.1595686502409547,16.52743464586838,0.1171399994727132,0.9927154741586008,35.762915848292145,8.981003934264564,17.07985045835414,0.0,0.0,3,100.0,100.0
MARA,2017q4,-1.251717849007529,16.52743464586838,0.1171399994727132,0.9927154741586008,16.115073155948583,9.442446836113724,16.53531475932822,2.1,0.6833333333333332,6,100.0,95.83333333333333
MARA,2017q3,-0.5261310185988788,16.35645713984317,1.2277458325253894,0.3184677141613808,-4.798778848836889,8.334296269131299,15.83961767567476,0.0,0.0,6,100.0,100.0
MARA,2017q2,-0.1560786722201222,16.461722943294443,1.214273222354053,0.077707788288809,-19.53649702644048,7.840584493093233,15.510816684046022,0.0,0.0,3,100.0,100.0
MARA,2017q1,-0.1972091105663223,16.72177945082308,1.4133272201804037,0.2733046321350077,-71.37873842495924,6.946754813831147,15.219957664799406,0.0,0.0,1,100.0,100.0
MARA,2016q4,-1.4437256112947885,16.72177945082308,0.975070256148216,0.2733046321350077,-74.47387033674461,6.8355501107329,14.767149001258224,0.0,0.0,1,100.0,100.0
MARA,2016q3,-0.1621115748239554,17.47146046199382,0.4558186075029604,0.0334575496051869,57.53791025640302,6.408182767444053,14.521849487997288,0.0,0.0,2,100.0,100.0
MARA,2016q2,0.1684500629130047,17.664283747517402,0.3807176482201181,0.1525239335634749,23.953535558665,6.4460213612188575,14.24114425862696,0.0,0.0,1,100.0,100.0
MARA,2016q1,-0.085339546100517,17.635914028771133,0.4805109361121191,0.0311334651334737,44.9613058392146,6.025237757214903,13.84347735292782,0.0,0.0,1,100.0,100.0
MARA,2015q4,-0.0826873179837896,17.670488877202885,0.4797438014679258,0.0541029266513751,32.30587824838972,6.071268764806583,13.59691544875381,0.0,0.0,2,100.0,100.0
MARA,2015q3,-0.0563277002799497,18.01396004291721,0.4995469940658888,0.051196827034547,45.6897468889081,5.477049154491434,13.142708409246955,0.0,0.0,2,100.0,97.5
MARA,2015q2,-0.0686512732080373,17.998902487030218,0.5031763153552636,0.0226755385814338,73.93346433398597,5.51572449601031,12.726183681415684,0.0,0.0,1,100.0,100.0
MARA,2015q1,-0.0747902587881276,17.973347344145907,0.3995679262839114,0.1482482962808357,77.64373494457959,5.533231373461162,12.7676112704302,0.0,0.0,5,100.0,99.0
MARA,2014q4,-0.0807892657199297,17.901258777277683,0.3780368900940937,0.0854408139806002,58.765666701810645,5.739792912179234,12.654412963480963,0.0,0.0,6,100.0,100.0
MARA,2014q3,0.0658545967450898,17.795017093730213,0.1133376027413547,0.1038795727820153,22.707368197821477,5.923908143406992,12.475719488765478,0.0,0.0,6,100.0,99.16666666666667
MARA,2014q2,-0.0109724542787972,17.182962961899303,0.1745416347047174,0.2240350916085864,14.166380065805876,6.396912988410589,11.557002455657114,0.0,0.0,6,100.0,98.33333333333333
MARA,2014q1,-0.0199198075063252,16.46430490006668,0.0,0.3827286640488523,20.722840807403124,6.194405391104672,10.520966939871132,0.0,0.0,2,100.0,100.0
MARA,2013q4,-0.0848290613134618,16.377010125583777,0.0,0.2786721656041614,2.6061278721706858,6.584763767694766,9.17237447341749,0.0,0.0,2,100.0,100.0
MARA,2013q3,-0.0786563928628313,16.29131036606208,0.0,0.4931698311038721,3.0461839611343886,4.825509809969567,7.171672405223398,0.0,0.0,2,100.0,97.5
MARA,2013q2,-0.0689855133647787,16.27926413401363,0.0,0.5439940440021724,1.94917458296889,4.6443908991413725,5.07258119081151,0.0,0.0,3,100.0,100.0
MARA,2013q1,-0.16272591490599,15.12955729233743,0.0,0.7837456821747382,10.912009898911036,4.52720864451838,3.9561864599014327,0.0,0.0,5,100.0,98.0
MARA,2012q4,-0.12162184029402,15.206013301408111,0.0,0.5860706435783691,9.891520920066109,2.613739521630969,2.9880974175698825,0.0,0.0,3,100.0,100.0
MARA,2012q3,-0.540698919970407,15.06851064120286,0.0,0.5031546804614906,10.445474658598616,2.522523513359307,3.1505910008708917,0.0,0.0,5,100.0,100.0
MIGI,2025q3,0.0062990994005955,17.767077320515224,0.524373000177385,0.0437677049767055,-1.019313574741762,11.60540300025889,20.878149145429184,6.5,4.3,5,98.0,52.6
MIGI,2025q2,-0.1520945941282558,17.780880264097455,0.5044170277288309,0.0614267443441726,-1.695765429857569,11.581614703698753,20.630242529336,6.0,3.0,4,100.0,98.75
MIGI,2025q1,-0.0053723100580698,17.873604864186966,0.4456391878637358,0.0945262537018956,-9.703928184118569,11.37581934776722,20.58498849271612,6.0,3.5,8,100.0,60.625
MIGI,2024q4,-0.0735833915400584,17.933579703411862,0.4114740937552668,0.0991176421999855,-9.341353084455934,11.446106158150634,20.581368295184088,6.3,2.5500000000000003,6,95.0,25.0
MIGI,2024q3,-0.2012280307553051,17.92255549458394,0.4287085192226911,0.094761254987544,-14.51765038487734,11.095719198433985,20.339313709025863,6.0,3.5,10,100.0,50.5
MIGI,2024q2,-0.1465747623554379,17.99947052458508,0.4088507567967817,0.103346605518827,4.586317981637545,11.007347216285629,20.297156010255385,6.6,6.12,5,100.0,96.6
MIGI,2024q1,-0.2918946412145294,18.030745087291773,0.30275277918886,0.0941231407263595,2.8265859807968163,11.166974103061063,20.204149649540128,5.0,5.0,1,95.0,95.0
MIGI,2023q3,-0.2168509460511972,18.29099760586048,0.2360023502980297,0.0170410154921417,0.7236437283230075,10.17400388305173,19.915364693433087,5.0,3.0,3,100.0,83.33333333333333
MIGI,2023q2,-0.1655423852795981,18.467279776010837,0.230035868124808,0.0535195590905859,0.8615980116090931,10.317803377242257,19.713569577581897,4.0,2.6,5,95.0,63.0
MIGI,2023q1,-0.0951086922766732,18.57537299424672,0.2211830413547888,0.0118849274453469,0.6498638543692565,10.24113980694813,19.609536843242825,6.0,5.4,5,95.0,70.0
MIGI,2022q4,-0.1315153451349861,18.708330803391732,0.3020331088348966,0.0070972146995855,9.334711272147205,9.713493436795847,19.328422930536,6.7,6.233333333333333,3,95.0,71.66666666666667
MIGI,2022q3,-0.1155138437497781,19.01180391430232,0.2436904232074965,0.0065480492434689,0.7912618394896723,9.857699602209362,19.27204351942077,6.0,3.7857142857142856,7,95.0,57.142857142857146
MIGI,2022q2,-0.0110370886572046,19.072194877219324,0.2276683209540176,0.0129992158590698,2.7221853270625798,9.937996702919657,19.18433948163684,5.0,3.0,4,100.0,72.5
MIGI,2022q1,-0.068301435661111,18.927318553050544,0.2894841691328881,0.0349753118568177,3.879390500553892,10.754888341531323,19.19533582947418,5.0,4.0,3,85.0,61.666666666666664
MIGI,2021q4,0.0158282731006263,18.794272394135835,0.1580707819845905,0.0376289385799471,5.000101834311784,10.74524588373798,18.782427416938297,4.0,3.3333333333333335,3,90.0,63.333333333333336
MIGI,2021q3,-0.0263017320779978,18.584347434020906,0.0324510840422897,0.2749431244544855,5.898852874153817,10.621599503770025,18.625816095659847,4.0,2.0,6,100.0,89.16666666666667
MIGI,2021q2,-0.182770565200713,17.363309481998257,0.0299539608959093,0.1040521176764394,18.210255403820188,10.447457871634285,18.306142659384605,4.0,1.3333333333333333,3,100.0,96.66666666666667
MIGI,2021q1,-1.1420598997309808,17.33497565780526,0.0395132291716827,0.1002558996435565,3.295296598218189,10.929237170264072,18.91615936675834,4.0,0.6666666666666666,6,100.0,79.16666666666667
MIGI,2020q4,0.234678370898007,16.099262515552965,0.0356261739650485,0.1133967314795406,0.1637465852942085,10.270093668728665,18.84909431283874,0.0,0.0,4,100.0,100.0
MIGI,2020q3,-0.4587265917602996,15.713879762250588,0.0376029962546816,0.0152808988764044,-0.5542408409336838,9.291072073008504,18.82468703726483,0.0,0.0,2,100.0,100.0
MIGI,2020q2,0.0094093804284887,16.44133789880865,0.0007237984944991,0.0070932252460914,-0.6995678478824546,9.125365102530196,18.56343538760194,0.0,0.0,2,100.0,100.0
MIGI,2020q1,-0.403831705484598,16.180882639057085,0.0015026296018031,0.0349361382419233,-0.7388138081000272,8.680231685916738,18.43718885509052,0.0,0.0,4,100.0,100.0
MIGI,2019q4,-0.7423469387755102,13.977629407440707,0.0187074829931972,0.6105442176870748,4.789996261682243,8.895776191737832,18.41837910614857,0.0,0.0,5,100.0,100.0
MIGI,2019q3,-0.4170253467240555,14.55315297841077,0.7685318029650885,0.6905786704925873,-27.198775510204083,9.0111452539806,18.42917214990334,0.0,0.0,3,100.0,100.0
MIGI,2019q2,-0.7129665255867641,14.770637313623627,0.6594844170834937,0.6906502500961909,17.696,9.31765547618065,17.978964236064808,0.0,0.0,6,100.0,100.0
MIGI,2019q1,0.0430984274898078,15.049236320439558,0.533197437390798,0.7111240535818287,3.4159097502014504,8.306104191173755,17.650626402555144,0.0,0.0,5,100.0,100.0
MIGI,2018q3,-1.8006993006993006,12.56374708980199,6.664335664335664,0.3461538461538461,-13.222950819672132,8.799157951138728,17.80532793383802,0.0,0.0,3,100.0,100.0
MIGI,2018q2,-1.2616279069767442,13.44154411691548,3.3997093023255816,0.6206395348837209,-13.246369651521835,8.67899566432027,17.45606548433542,0.0,0.0,6,100.0,100.0
MIGI,2018q1,-0.1054216867469879,13.811502536566737,2.782128514056225,0.5933734939759037,-6.287303159692571,8.981003934264564,17.07985045835414,0.0,0.0,12,100.0,100.0
MIGI,2017q4,-3.973109243697479,13.296316684527769,5.384873949579832,0.361344537815126,-1.8650277598450613,9.442446836113724,16.53531475932822,0.0,0.0,3,100.0,100.0
RIOT,2025q3,0.0233275937211977,22.2226245627294,0.0637108110714974,0.0738465255103134,1.5426597923560883,11.60540300025889,20.878149145429184,9.0,9.0,1,95.0,95.0
RIOT,2025q2,0.0512096767607045,22.17847996688132,0.2029039989489898,0.0770635000085172,0.8406112641705675,11.581614703698753,20.630242529336,9.6,7.65,4,100.0,76.25
RIOT,2025q1,-0.0796896061513028,22.036725223000165,0.1663372337367643,0.0440221165969394,1.3292938491013768,11.37581934776722,20.58498849271612,9.0,8.5,4,95.0,68.75
RIOT,2024q4,0.0346694679728925,22.093254733561626,0.1558102074374375,0.070606943753054,0.93739552149786,11.446106158150634,20.581368295184088,9.0,5.666666666666667,3,100.0,71.66666666666667
RIOT,2024q3,-0.0528221644898394,21.795635445623496,0.0106416324698114,0.1217224401634878,1.061037565649544,11.095719198433985,20.339313709025863,8.8,6.933333333333334,3,95.0,83.33333333333333
RIOT,2024q2,-0.0310065366004463,21.725215598467265,0.0087013926854548,0.1766670203668911,1.035151250498643,11.007347216285629,20.297156010255385,9.0,7.833333333333333,6,95.0,68.33333333333333
RIOT,2024q1,0.0811019885931719,21.683092190122984,0.0093235290625958,0.2636663841702974,1.1552481206300065,11.166974103061063,20.204149649540128,9.0,8.95,2,98.0,96.5
RIOT,2023q4,0.0386274548042982,21.441632320639204,0.0107884626635723,0.2911485656337149,1.1957393413424209,10.679843807151835,19.886508851853154,9.0,8.625,4,95.0,91.25
RIOT,2023q3,-0.0549957949242261,21.098535620275538,0.0156000065961972,0.1993336466527047,2.4996205718351816,10.17400388305173,19.915364693433087,9.0,8.0,4,95.0,67.5
RIOT,2023q2,-0.0201533559491658,21.029963462326705,0.0163753835738411,0.2127968328022782,1.612864787518837,10.317803377242257,19.713569577581897,9.0,8.725,4,98.0,95.75
RIOT,2023q1,0.0148066687194826,20.946661356513957,0.0178515014216417,0.1265857004034983,0.988107685252416,10.24113980694813,19.609536843242825,8.9,7.779999999999999,5,95.0,70.0
RIOT,2022q4,-0.1180176126015558,21.00087030044551,0.0168572779257616,0.1744956680636744,0.9337876724142422,9.713493436795847,19.328422930536,9.0,7.0,5,95.0,57.0
RIOT,2022q3,-0.0223132286110144,21.09732420976935,0.0152783873661791,0.1754059858752825,0.8669674021969093,9.857699602209362,19.27204351942077,8.0,6.25,4,95.0,53.75
RIOT,2022q2,-0.2461724311998468,21.08528398053536,0.0149600515239603,0.188329126703685,1.026189435752174,9.937996702919657,19.18433948163684,10.0,8.483333333333333,6,95.0,83.33333333333333
RIOT,2022q1,0.0229900855296482,21.161362690867925,0.0141009385354459,0.0732896490090369,1.3444379348468385,10.754888341531323,19.19533582947418,7.0,6.2,5,95.0,86.0
RIOT,2021q4,-0.0127793386018812,21.14328321199214,0.0088298987902664,0.2052020121052202,2.1350247933021302,10.74524588373798,18.782427416938297,8.0,6.714285714285714,7,98.0,81.85714285714286
RIOT,2021q3,-0.0160759508260102,20.676600763172047,0.0087792734127054,0.0606449868871456,4.109111189837924,10.621599503770025,18.625816095659847,10.0,8.25,4,100.0,90.0
RIOT,2021q2,0.0213345778595693,20.624957065857537,0.0091574182259101,0.1623875044270049,5.227032022829522,10.447457871634285,18.306142659384605,7.0,5.5,9,95.0,72.22222222222223
RIOT,2020q1,-0.1153638668608728,17.428426473271173,0.0096024167880455,0.376436316556077,1.1610501609603463,8.680231685916738,18.43718885509052,3.0,2.5,2,95.0,62.5
RIOT,2019q4,-0.1118346280447663,17.2292950551319,0.01211323238973,0.2448979591836734,1.4550935370779667,8.895776191737832,18.41837910614857,3.0,2.5,2,95.0,95.0
RIOT,2019q3,-0.0556005217111548,17.311572626274017,0.0284535215108838,0.45968295212213,1.8261887646349164,9.0111452539806,18.42917214990334,3.0,2.925,2,85.0,57.5
RIOT,2019q2,-0.0413014870343685,17.248445854549537,0.0306866819463869,0.5202447037220551,3.2293623959904383,9.31765547618065,17.978964236064808,3.0,2.3333333333333335,3,90.0,73.33333333333333
RIOT,2019q1,-0.97609522660647,16.44454121666968,0.3183427549477906,0.0162615199293984,4.345854123810652,8.306104191173755,17.650626402555144,3.1,2.033333333333333,3,100.0,95.0
RIOT,2018q4,-0.8232707768531885,16.44454121666968,0.1733514531546439,0.0162615199293984,5.89240105368561,8.23492576659929,17.614949962511506,4.0,1.75,4,100.0,88.75
RIOT,2018q3,-0.2423786571509383,17.0621342258885,0.0659866920381381,0.0625241942606058,5.566836938137887,8.799157951138728,17.80532793383802,3.0,2.25,4,100.0,73.75
RIOT,2018q2,-0.8458327130527703,17.161702817553557,0.0273136517826449,0.0582521016725511,4.758476697281431,8.67899566432027,17.45606548433542,3.0,1.75,8,100.0,58.75
RIOT,2018q1,-0.329748300404134,17.719169723796213,0.0167315161285742,0.1060338315415563,3.9619671636826848,8.981003934264564,17.07985045835414,4.8,2.088888888888889,9,100.0,76.66666666666667
RIOT,2017q4,-0.1696409934816761,17.773186239360623,0.0025904767582411,0.795863862300838,1.7100824272021553,9.442446836113724,16.53531475932822,1.0,0.2857142857142857,7,100.0,88.57142857142857
RIOT,2017q3,-0.3055994771104705,16.669088366842793,0.0124331510347846,0.7573438111050047,1.164236426834253,8.334296269131299,15.83961767567476,0.0,0.0,8,100.0,99.375
RIOT,2017q2,-0.1016351707923906,16.373254325092947,0.0,0.924605537108582,1.5077313564556425,7.840584493093233,15.510816684046022,0.0,0.0,8,100.0,100.0
RIOT,2017q1,-0.326813540655174,16.40491955528915,0.0042154660267577,0.8993928491860318,1.13213412695518,6.946754813831147,15.219957664799406,0.0,0.0,9,100.0,100.0
RIOT,2016q4,-0.1341802607445712,16.65112190686019,0.0081927419551236,0.3245060755603532,0.7269601898654047,6.8355501107329,14.767149001258224,0.0,0.0,6,100.0,100.0
RIOT,2016q3,-0.0884929857721943,16.776796148526884,0.0114960065046483,0.126654541782952,0.7054517729146714,6.408182767444053,14.521849487997288,0.0,0.0,3,100.0,99.66666666666667
RIOT,2016q2,-0.0475212052452153,16.682813600701294,0.0,0.2552548347549756,0.6665735843469919,6.4460213612188575,14.24114425862696,0.0,0.0,1,100.0,100.0
RIOT,2016q1,0.030285659878536,16.73189941678242,0.0030935692656231,0.2079122450878518,0.4392547067456583,6.025237757214903,13.84347735292782,0.0,0.0,3,100.0,100.0
RIOT,2015q4,-0.1416376712385565,16.85344932317989,0.1025792729308423,0.096455948527377,0.4902581418806325,6.071268764806583,13.59691544875381,0.0,0.0,2,100.0,100.0
RIOT,2015q3,-0.0685796559606637,16.95464474983141,0.0980627946646039,0.1399378752403409,0.6468883895763182,5.477049154491434,13.142708409246955,0.0,0.0,2,100.0,100.0
RIOT,2015q2,-0.0835803698034731,17.007085276077408,0.0852991804685426,0.2001023977558818,0.7698008275850965,5.51572449601031,12.726183681415684,0.0,0.0,2,100.0,100.0
RIOT,2015q1,-0.0836323239863825,17.079079747519515,0.0832840429245985,0.1607346745144214,0.6302225970347095,5.533231373461162,12.7676112704302,0.0,0.0,1,100.0,100.0
RIOT,2014q4,-0.082528517326697,17.173238450527617,0.0804551882367591,0.1232394205610229,1.6457110972571265,5.739792912179234,12.654412963480963,0.0,0.0,2,100.0,100.0
RIOT,2014q3,-0.0815878898883074,17.251139768458103,0.0786902968231819,0.1407765895941843,2.0016058703979507,5.923908143406992,12.475719488765478,0.0,0.0,2,100.0,100.0
RIOT,2014q2,-0.0780327837063322,17.318380984914384,0.0669799116211055,0.1129989228754492,2.028936900148301,6.396912988410589,11.557002455657114,0.0,0.0,3,100.0,100.0
RIOT,2014q1,-0.1721352391931105,16.655993298172557,0.1360871827484535,0.2327198679282855,4.039275839850212,6.194405391104672,10.520966939871132,0.0,0.0,1,100.0,100.0
RIOT,2013q4,-0.1679076714541287,16.74081333930003,0.1325319936529596,0.3035795476888813,2.723313979361993,6.584763767694766,9.17237447341749,0.0,0.0,1,100.0,100.0
RIOT,2013q3,-0.1410387447148174,16.896589310834596,0.1197809445986015,0.1999523732723432,1.8436428506199325,4.825509809969567,7.171672405223398,0.0,0.0,4,100.0,100.0
RIOT,2013q2,-0.1304776387963782,16.997756713224824,0.0982425623817805,0.4040005349194034,1.3146127504830152,4.6443908991413725,5.07258119081151,0.0,0.0,4,100.0,100.0
RIOT,2013q1,-0.20613047433926,16.42515025822977,0.1980380239973777,0.1833022022999301,2.373585900316169,4.52720864451838,3.9561864599014327,0.0,0.0,3,100.0,100.0
RIOT,2012q4,-0.1507149864238436,16.625803880696832,0.1837774546787859,0.660735004129754,2.166014861921242,2.613739521630969,2.9880974175698825,0.0,0.0,9,100.0,100.0
RIOT,2012q3,-0.1659563849663403,16.511737539451573,0.2296968313435461,0.663582820370844,1.3108026432916613,2.522523513359307,3.1505910008708917,0.0,0.0,9,100.0,100.0
RIOT,2012q2,-0.148806374267495,16.55776306773247,0.2108111186581495,0.7054515652681639,0.6271315297016463,1.884034745337226,2.4498658322217164,0.0,0.0,7,100.0,100.0
RIOT,2012q1,-0.3044431809078929,15.66657770378558,0.5605688113454413,0.2067759765401053,3.319193518780548,1.5623463049002495,2.47168783705558,0.0,0.0,4,100.0,100.0
RIOT,2011q4,-0.1784203317084572,15.982029047400596,0.4473298964406448,0.3400729504247612,5.251536311978583,1.4973884086254774,2.2282198551626515,0.0,0.0,6,100.0,100.0
RIOT,2011q3,-0.307409682695046,16.11462623950448,0.291143546559153,0.2409210058115276,6.770640706830135,1.5973653311998313,2.3349752284588656,0.0,0.0,6,100.0,100.0
RIOT,2011q2,-0.2317749356054155,16.30256955645375,0.2160207140348262,0.5079153617006557,3.876281468661068,2.8535925063928684,2.5184513258573538,0.0,0.0,6,100.0,100.0
RIOT,2011q1,-0.1920912990158743,16.49699588321791,0.1825937871424441,0.5573314516491767,2.512411197331294,-0.2231435513142097,-0.6256585156953856,0.0,0.0,3,100.0,100.0
RIOT,2010q4,-0.1743670780031942,16.658039494486754,0.1643758809098726,0.5191459577874253,2.1630050056637327,-1.3093333199837622,-2.106344497361462,0.0,0.0,6,100.0,100.0
RIOT,2010q3,-0.1570156848999944,16.78273362875442,0.1378711460470431,0.4590501107966219,1.720600566333892,-2.8134107167600364,-4.522770623177332,0.0,0.0,6,100.0,100.0
SAIH,2022q2,-0.1584185554548202,17.091598128583584,0.0153747355696585,0.6233000906618313,8.655271406341178,9.937996702919657,19.18433948163684,0.0,0.0,4,100.0,76.25
SAIH,2022q1,-0.0140473910459581,17.622235379125286,0.0063996010915319,0.0013412941704411,1.3952052762745382,10.754888341531323,19.19533582947418,5.0,2.0,4,100.0,61.25
SAIH,2021q4,-0.1165959420792508,16.260723049208075,0.0038151391658718,0.3881904101274603,-24.623347376216675,10.74524588373798,18.782427416938297,0.0,0.0,8,100.0,87.5
SAIH,2021q3,-0.0122372232895595,17.62429537178858,0.0076729648560438,0.0011162284857642,1.2961858456502044,10.621599503770025,18.625816095659847,0.0,0.0,2,100.0,100.0
SLAI,2025q3,-0.0324135139017669,18.15375509215724,0.0187664059133114,0.0498217387329737,0.8816827126330758,11.60540300025889,20.878149145429184,0.0,0.0,1,95.0,95.0
SLAI,2024q4,-0.0246134244512654,18.273745635828668,0.0295129437655643,0.0209648462384896,72.0682328534266,11.446106158150634,20.581368295184088,5.0,3.3333333333333335,3,30.0,28.333333333333332
SLNH,2025q3,-0.1575689808267833,18.839621315461955,0.1771434209228138,0.3617653829710264,0.8539403354063019,11.60540300025889,20.878149145429184,9.0,3.090909090909091,11,100.0,73.18181818181819
SLNH,2025q2,-0.080281016182356,18.33677725972966,0.2562097616147555,0.107425613363494,-0.6301834755126162,11.581614703698753,20.630242529336,6.0,4.633333333333334,6,95.0,95.0
SLNH,2025q1,-0.0839098712922964,18.31586452458288,0.2702528623305089,0.1017335006496463,-1.4195684737005911,11.37581934776722,20.58498849271612,5.7,3.9,3,95.0,60.0
SLNH,2024q4,-0.4545320308950477,18.29330181462253,0.2478191731031349,0.0890845070422535,-2.91546426797019,11.446106158150634,20.581368295184088,5.0,2.5,2,100.0,97.5
SLNH,2024q3,-0.0738579749149965,18.39381301751606,0.268929316171712,0.090047149945043,1.916593670898204,11.095719198433985,20.339313709025863,7.1,5.666666666666667,3,98.0,96.0
SLNH,2024q2,-0.1101900177349886,18.407342179513183,0.3078185964023309,0.0968634405877881,0.4551521149189411,11.007347216285629,20.297156010255385,5.0,3.4,5,95.0,76.0
SLNH,2023q3,-0.0708068064663556,18.3597304441086,0.2295960122014731,0.059785092520752,0.3625367992483558,10.17400388305173,19.915364693433087,4.72,4.72,1,95.0,95.0
SLNH,2023q2,-0.0907943340196798,18.38657572330241,0.2121431601601705,0.0772295053131499,0.1796459746383446,10.317803377242257,19.713569577581897,4.0,2.5,6,100.0,56.666666666666664
SLNH,2023q1,-0.0838309136881091,18.24919229656474,0.2249735876829572,0.0540473166272955,0.2434239713788952,10.24113980694813,19.609536843242825,5.0,2.75,6,100.0,95.83333333333333
SLNH,2022q4,-0.3252904273725592,18.257702885633456,0.2692764915667188,0.0133708407386918,0.4354859611618019,9.713493436795847,19.328422930536,4.8,3.075,4,95.0,63.75
SLNH,2022q3,-0.5093454111342987,18.513560700427394,0.2235334858246835,0.0098694102959,0.9904329514824798,9.857699602209362,19.27204351942077,5.0,1.6666666666666667,3,100.0,95.0
SLNH,2022q2,-0.0443283148209493,18.812175384609255,0.1574916001325049,0.0312738728628506,1.121845687179776,9.937996702919657,19.18433948163684,5.0,3.0,4,95.0,81.25
SLNH,2022q1,-0.0653234265093114,18.73064031984283,0.22419445931772,0.0207353836449386,1.439613259573885,10.754888341531323,19.19533582947418,5.0,5.0,1,95.0,95.0
SLNH,2021q4,-0.0238669770761466,18.583598593870807,0.0741414175743878,0.0871582238686764,1.6885183458258233,10.74524588373798,18.782427416938297,4.0,2.6999999999999997,6,95.0,67.5
SLNH,2021q3,-0.0130878819086852,17.657282758181353,0.0244593202883625,0.3393623412289736,2.4893161890007747,10.621599503770025,18.625816095659847,3.0,1.6666666666666667,3,100.0,85.0
SLNH,2021q2,-0.0459329394733753,17.056500063077586,0.0411596697836378,0.4732579521890527,4.88448458551086,10.447457871634285,18.306142659384605,4.0,2.6,5,90.0,72.0
SLNH,2021q1,-0.0709945634793732,16.054196925108087,0.1204562413388764,0.2901609636499307,6.537303058387396,10.929237170264072,18.91615936675834,5.0,1.6,5,100.0,84.0
ANY,2023q2,-0.0677207553522826,18.082098282371792,0.0147450826341928,0.0099329386346418,0.6936813108063937,10.317803377242257,19.713569577581897,3.0,1.5,2,100.0,92.5
ANY,2021q1,-0.2102091456930166,16.238896351104025,0.2701169797943991,0.0436901807869549,4.473405587308731,10.929237170264072,18.91615936675834,0.0,0.0,2,100.0,100.0
ANY,2020q4,-0.1301445111129891,16.286402796366694,0.2115270852700076,0.038958843911096,19.48672152525454,10.270093668728665,18.84909431283874,0.0,0.0,1,100.0,100.0
ANY,2020q3,-0.0792066027689031,16.52515948043018,0.171059637912673,0.1927582534611288,37.786366710875335,9.291072073008504,18.82468703726483,0.0,0.0,6,100.0,98.33333333333333
ANY,2020q2,-0.2011369509043927,16.08505579688012,0.154625322997416,0.038656330749354,40.37074256694368,9.125365102530196,18.56343538760194,0.0,0.0,5,100.0,100.0
ANY,2020q1,-0.1312157982393528,15.9444562945472,0.1030216512015227,0.0177254342136569,17.29328453548387,8.680231685916738,18.43718885509052,0.0,0.0,1,100.0,100.0
ANY,2019q4,-0.1971211039733523,15.9444562945472,0.0584106590530573,0.0177254342136569,19.955648322580643,8.895776191737832,18.41837910614857,0.0,0.0,3,100.0,100.0
ANY,2019q3,0.0966473735939718,16.03002917208987,0.2009391722179753,0.0140875832696297,-17.585054605263156,9.0111452539806,18.42917214990334,0.0,0.0,2,100.0,97.5
ANY,2019q2,-0.1679782082324455,16.109256702291116,0.8317191283292978,0.0152340597255851,-6.721114000916591,9.31765547618065,17.978964236064808,0.0,0.0,2,100.0,100.0
ANY,2018q4,-2.322169059011164,16.239073577511224,0.6353889774942406,0.030214424951267,-4.58930556803995,8.23492576659929,17.614949962511506,0.0,0.0,7,100.0,100.0
ANY,2018q3,-0.0669056811913954,18.099372943850923,0.6285714285714286,0.0286955322669608,7.1564649504950495,8.799157951138728,17.80532793383802,0.0,0.0,8,100.0,99.375
ANY,2018q2,-0.0792040011084865,18.143331767373702,0.5916942688607661,0.0377149342166035,1.2107845738526803,8.67899566432027,17.45606548433542,0.0,0.0,8,100.0,98.75
ANY,2018q1,-0.086820975479405,18.17971684931824,0.5594182243882576,0.029610495374553,2.154395292364991,8.981003934264564,17.07985045835414,0.0,0.0,2,100.0,100.0
ANY,2017q4,-0.0886287223823246,18.237718982270987,0.5380403458213256,0.0552113352545629,1.588777643123387,9.442446836113724,16.53531475932822,0.0,0.0,1,100.0,100.0
ANY,2017q3,-0.0396324801894525,18.290936456896706,0.4933054012205118,0.0440158484379269,2.2021675418708404,8.334296269131299,15.83961767567476,0.0,0.0,2,100.0,100.0
ANY,2017q2,-0.0856104286788668,18.29009358424586,0.4990656122518744,0.0372843501447161,1.3288362808034788,7.840584493093233,15.510816684046022,0.0,0.0,2,100.0,100.0
ANY,2017q1,-0.081088658594837,18.382999644984675,0.4574048306369546,0.0716911382941164,1.2885488166743675,6.946754813831147,15.219957664799406,0.0,0.0,1,100.0,100.0
ANY,2016q2,-0.0733555091017287,18.69127260717385,0.3209103254650045,0.0329889985809542,0.9242277625184872,6.4460213612188575,14.24114425862696,0.0,0.0,1,100.0,100.0
ANY,2015q4,-0.1336989885774669,18.75078273356573,0.2651911063826728,0.0622596343926792,1.639717640152627,6.071268764806583,13.59691544875381,0.0,0.0,2,100.0,100.0
ANY,2015q3,-0.0710559765508331,18.78512244836992,0.2070972626431712,0.0354863132158559,2.420834439597952,5.477049154491434,13.142708409246955,0.0,0.0,2,100.0,100.0
ANY,2015q2,-0.0639417765936708,18.74638810378221,0.2126410639634371,0.0267073883943076,1.4920664080600532,5.51572449601031,12.726183681415684,0.0,0.0,1,100.0,100.0
ANY,2015q1,-0.0654853409465246,18.797142628789736,0.2020080707148347,0.0299494894037553,1.7144523214147611,5.533231373461162,12.7676112704302,0.0,0.0,1,100.0,100.0
WULF,2025q3,-0.1853983283389931,21.62116650338896,0.4421630959341113,0.2898068606141103,8.377284564871978,11.60540300025889,20.878149145429184,8.1,7.140000000000001,10,95.0,73.5
WULF,2025q2,-0.0211293201810887,20.58332307822496,0.5761150115940962,0.1035106647281828,6.1696553937315,11.581614703698753,20.630242529336,6.0,4.75,4,95.0,53.75
WULF,2025q1,-0.0730156616680259,20.550294827210884,0.5847244644907877,0.2593578882545811,10.727061878033748,11.37581934776722,20.58498849271612,7.6,6.675,4,95.0,65.0
WULF,2024q4,-0.0370737678584807,20.48438789682048,0.6237982707543133,0.3480141864685064,10.28642800040909,11.446106158150634,20.581368295184088,7.0,5.363636363636363,11,95.0,52.27272727272727
WULF,2024q3,-0.0560057156231137,19.821629700038255,0.0022468311550732,0.0589743905593673,4.265562862134391,11.095719198433985,20.339313709025863,7.0,4.428571428571429,7,95.0,45.0
WULF,2024q2,-0.0226787442031161,19.988396256623048,0.1527708270777032,0.2170891302171954,1.9139302467112504,11.007347216285629,20.297156010255385,7.0,5.625,8,98.0,40.375
WULF,2024q1,-0.0243128268940888,19.795378119226594,0.2537810960373102,0.1158962841563224,1.7819681458675274,11.166974103061063,20.204149649540128,6.9,5.027272727272727,11,95.0,60.45454545454545
WULF,2023q4,-0.0278361094507889,19.750685137553027,0.3291881112703845,0.1439781436951542,1.3806255373973544,10.679843807151835,19.886508851853154,7.1,5.725,8,95.0,48.75
WULF,2023q3,-0.0612553841811714,19.55785006404729,0.4037518481813254,0.0211518539543864,4.205813086387672,10.17400388305173,19.915364693433087,6.0,4.428571428571429,7,95.0,44.285714285714285
WULF,2023q2,-0.0585013774839738,19.518699523195263,0.4010679669937496,0.0274863085430688,2.778188386268896,10.317803377242257,19.713569577581897,8.0,5.585714285714286,7,95.0,56.42857142857143
WULF,2023q1,-0.0828869155662744,19.573721241358516,0.3611012024079727,0.0536174833717931,1.1022218280289515,10.24113980694813,19.609536843242825,7.0,5.083333333333333,12,95.0,46.25
WULF,2022q4,-0.0753634867023202,19.57657717929646,0.4070358560469896,0.004025975252371,1.2714865703075904,9.713493436795847,19.328422930536,5.0,3.257142857142857,7,90.0,36.42857142857143
WULF,2022q3,-0.1096861223883872,19.551650503928503,0.4164897084546223,0.0144126816107607,1.2863155647841893,9.857699602209362,19.27204351942077,7.0,5.0,4,100.0,73.75
WULF,2022q2,-0.0428312694274541,19.58112790218373,0.3701870017798054,0.0028859169758347,2.9226856849137515,9.937996702919657,19.18433948163684,6.0,5.0,5,95.0,58.0
WULF,2022q1,-0.0666439425593209,19.42438877042045,0.3733644140478965,0.0131396652958898,9.663969337564458,10.754888341531323,19.19533582947418,5.0,3.2,5,85.0,50.0
WULF,2021q4,-0.1687321402282276,19.39490447848397,0.3609476390183873,0.1640097995175738,17.329276706486496,10.74524588373798,18.782427416938297,5.0,2.225,8,100.0,68.125
WULF,2021q2,-0.0559093677052674,18.182728076984446,0.013764843194966,0.4024281944585405,33.05011527251352,10.447457871634285,18.306142659384605,5.0,2.5,2,100.0,90.0
WULF,2021q1,-0.0205704446866351,16.56508503492946,0.1697379703231848,0.2832102528674735,40.80686168894663,10.929237170264072,18.91615936675834,0.0,0.0,2,100.0,100.0
WULF,2020q4,0.0947941157854098,16.55217406592442,0.1741708134658521,0.239309978316725,0.6121026319528122,10.270093668728665,18.84909431283874,0.0,0.0,1,100.0,100.0
WULF,2020q3,-0.0179386301338293,16.541667570193916,0.2577294364647655,0.2292042412254594,0.54315582294699,9.291072073008504,18.82468703726483,0.0,0.0,1,100.0,100.0
WULF,2020q2,-0.0674172889666924,16.553029201238626,0.2569727983188642,0.192775282478598,0.5367555488589464,9.125365102530196,18.56343538760194,0.0,0.0,2,100.0,100.0
WULF,2020q1,-0.0375228714585675,16.56559494658385,0.1782559803302899,0.1026236848591711,0.7281272131807583,8.680231685916738,18.43718885509052,0.0,0.0,3,100.0,98.33333333333333
WULF,2019q4,-0.004743730886995,16.64161285481925,0.1671635502410877,0.0570897632820702,0.7933647672888734,8.895776191737832,18.41837910614857,0.0,0.0,1,100.0,100.0
WULF,2019q3,-0.0094826815669801,16.65822183003075,0.1663257242617715,0.0442098039217971,0.920450995348086,9.0111452539806,18.42917214990334,0.0,0.0,1,100.0,100.0
WULF,2019q2,-0.0069288277041011,16.630915624685702,0.1728591942760988,0.0177956338642913,0.9525499512543122,9.31765547618065,17.978964236064808,0.0,0.0,1,100.0,100.0
WULF,2019q1,-0.0267676882952109,16.648680606965627,0.1716712558849606,0.0363101602516438,1.0436050281329814,8.306104191173755,17.650626402555144,0.0,0.0,2,100.0,100.0
WULF,2018q4,0.0085893063626622,16.673084637451037,0.1694070881942002,0.0931808190241375,1.1653479588102535,8.23492576659929,17.614949962511506,0.0,0.0,1,100.0,100.0
WULF,2018q3,-0.0014302490391092,16.666568269462857,0.1723542545199585,0.0901258557904255,1.2589556799976789,8.799157951138728,17.80532793383802,0.0,0.0,1,100.0,100.0
WULF,2018q2,0.00835009833784,16.672285545320474,0.1731251577105461,0.0778974041476092,1.017787647624987,8.67899566432027,17.45606548433542,0.0,0.0,1,100.0,100.0
WULF,2018q1,-0.0076970225655026,16.647872304219877,0.1792553531891765,0.068422243428509,0.9936250724274178,8.981003934264564,17.07985045835414,0.0,0.0,2,100.0,100.0
WULF,2017q4,0.0217894108033275,16.644256880897558,0.1818349786075939,0.0549330752418278,1.0193671329319471,9.442446836113724,16.53531475932822,0.0,0.0,1,100.0,100.0
WULF,2017q3,-0.0118846359216931,16.0493707792705,0.3330831146865813,0.2143615434505858,1.146361781741018,8.334296269131299,15.83961767567476,0.0,0.0,1,100.0,100.0
WULF,2017q2,-0.0108478976403504,16.086127986736972,0.3243430122868707,0.1280369100682585,1.0955140045582232,7.840584493093233,15.510816684046022,0.0,0.0,1,100.0,100.0
WULF,2017q1,-0.0396023553397285,16.073886363533465,0.331639271423774,0.0635837624667665,1.3333523084928278,6.946754813831147,15.219957664799406,0.0,0.0,2,100.0,97.5
WULF,2016q3,0.0086341309823677,16.069745390017275,0.339637489504618,0.0962460117548278,1.591392949825967,6.408182767444053,14.521849487997288,0.0,0.0,1,100.0,100.0
WULF,2016q2,0.0042491905143118,16.038096359008975,0.353904542977759,0.0867592082043771,1.388551396462932,6.4460213612188575,14.24114425862696,0.0,0.0,1,100.0,100.0
OLB,2025q3,-0.0959346995453915,16.320883258725143,0.0088174326792766,0.0002890238773728,2.5244778775132017,11.60540300025889,20.878149145429184,1.0,1.0,1,90.0,90.0
OLB,2025q2,-0.1715083430835354,16.332082850534505,0.01178210873701,0.0002149188911283,1.0085062817233004,11.581614703698753,20.630242529336,1.0,0.6666666666666666,3,100.0,93.33333333333333
OLB,2024q3,-0.1026684987889238,16.580498781955466,0.0869235328269617,0.0026001878095351,0.6973480229929351,11.095719198433985,20.339313709025863,1.0,1.0,1,75.0,75.0
OLB,2024q2,-0.1595783871338459,16.62453974984809,0.0185642216632584,0.0032099336372661,0.9754447274617896,11.007347216285629,20.297156010255385,2.0,1.0,3,100.0,93.33333333333333
OLB,2023q4,-0.92112091541483,16.797570337502584,0.0075545364499958,0.0090735133204595,0.7001730092343571,10.679843807151835,19.886508851853154,1.0,0.3333333333333333,3,100.0,95.0
OLB,2023q3,-0.0501266312720817,17.397465162376548,0.0097740557128631,0.0024422341500024,0.4479065941605846,10.17400388305173,19.915364693433087,2.0,2.0,1,85.0,85.0
OLB,2023q2,-0.0157792171256869,17.43323423176088,0.0118878720967988,0.0035910712659752,0.4352554439839423,10.317803377242257,19.713569577581897,2.0,2.0,1,90.0,90.0
OLB,2023q1,-0.0693064896497047,17.446146250638055,0.0164936887332094,0.001712572433941,0.5723466753679397,10.24113980694813,19.609536843242825,2.0,2.0,1,90.0,90.0
OLB,2022q4,-0.0822986468685021,17.47015613794816,0.0214774638438701,0.0112285412212438,0.4571776226523537,9.713493436795847,19.328422930536,1.0,0.5,2,100.0,95.0
OLB,2022q3,-0.0415893598039802,17.533411971216154,0.0228063663682799,0.055773404405782,0.5832545318312756,9.857699602209362,19.27204351942077,1.0,1.0,1,90.0,90.0
OLB,2022q2,-0.0332716954301345,17.581780058400675,0.024228677615811,0.0837597533669406,0.5217171302293291,9.937996702919657,19.18433948163684,2.0,2.0,1,95.0,95.0
OLB,2022q1,-0.0323826246763397,17.621059272161233,0.0252715756392649,0.0809301767647666,0.6469669433728271,10.754888341531323,19.19533582947418,2.7,2.7,1,85.0,85.0
OLB,2021q4,-0.0507805149853311,17.633870827806348,0.0089248966126153,0.0762217833711341,0.8720855657541529,10.74524588373798,18.782427416938297,2.0,1.0,2,100.0,97.5
OLB,2021q3,-0.0417585321691859,16.886394783535323,0.02209437901162,0.0539426377092039,2.095771884054207,10.621599503770025,18.625816095659847,2.8,1.5999999999999999,3,100.0,88.33333333333333
OLB,2021q2,-0.0543015579735013,16.32245149337239,0.0379127645050526,0.1671964742822123,3.067096680964392,10.447457871634285,18.306142659384605,0.0,0.0,1,100.0,100.0
OLB,2021q1,-0.0860664887467129,16.363325885791873,0.042432148291495,0.1870876439013377,2.6869269449894952,10.929237170264072,18.91615936675834,0.0,0.0,1,100.0,100.0
OLB,2020q4,-0.004642878853364,16.481175181676278,0.5676729518104049,0.2660052490342203,3.762181704643856,10.270093668728665,18.84909431283874,0.0,0.0,1,100.0,100.0
OLB,2020q3,-0.0438545209768294,16.52286151465208,0.5775518420709409,0.2750349160730017,10.668937546877675,9.291072073008504,18.82468703726483,0.0,0.0,2,100.0,100.0
OLB,2020q2,-0.0451514808124186,16.24069984612582,1.176334212020149,0.0292309106328712,-11.56008289378761,9.125365102530196,18.56343538760194,0.0,0.0,3,100.0,100.0
OLB,2020q1,-0.0471644460867411,16.25751805743682,1.1209428835667343,0.0377983099654004,-25.14497350223117,8.680231685916738,18.43718885509052,0.0,0.0,1,100.0,100.0
OLB,2019q4,-0.0052043448907647,16.289434535050912,1.0857312399459125,0.042768475571806,-234.47727467504643,8.895776191737832,18.41837910614857,0.0,0.0,1,100.0,100.0
OLB,2019q3,-0.0349173562874727,16.25862781837313,1.1070525571557428,0.0022132511636034,-18.124915995013,9.0111452539806,18.42917214990334,0.0,0.0,1,100.0,100.0
OLB,2019q2,-0.0406758635936835,16.268628508637672,1.0888856199409267,0.0047673304781653,-9.089684266284804,9.31765547618065,17.978964236064808,0.0,0.0,2,100.0,100.0
OLB,2018q3,-0.0484188924562018,16.35555677490676,0.977366862517061,0.0072937007507024,-89.33396901567785,8.799157951138728,17.80532793383802,0.0,0.0,1,100.0,100.0
OLB,2018q2,-0.0128796065511495,16.39765008344621,0.9392931210267754,0.0124313782777448,-232.57969354145783,8.67899566432027,17.45606548433542,0.0,0.0,3,100.0,100.0
OLB,2017q3,-22.912606036693628,8.53089883847235,42.71059380548432,0.0205168672321956,-21.286240609696588,8.334296269131299,15.83961767567476,0.0,0.0,1,100.0,100.0
OLB,2017q2,-14.877307921381774,8.812248018197431,32.236450268016675,0.2607206670637284,-78.2021083411173,7.840584493093233,15.510816684046022,0.0,0.0,2,100.0,100.0
OLB,2016q3,-13.49083258190562,8.802973456578423,16.53140967838894,0.2538322813345356,-53.28969996955812,6.408182767444053,14.521849487997288,0.0,0.0,1,100.0,100.0
OLB,2015q3,-14.46446742163138,8.714895850248494,25.110782865583456,0.1851304775972427,-126.66290237836702,5.477049154491434,13.142708409246955,0.0,0.0,1,100.0,100.0
OLB,2015q2,-16.310741929394,8.574895901544526,18.87861053426468,0.0626769869737587,-486.6923813577357,5.51572449601031,12.726183681415684,0.0,0.0,1,100.0,100.0
OLB,2015q1,-18.40144559484274,8.540714386457584,9.767532721234616,0.0300840007814026,-865.6510003604902,5.533231373461162,12.7676112704302,0.0,0.0,1,100.0,100.0
OLB,2014q3,-14.27354740061162,8.785692444451245,19.877675840978597,0.2408256880733945,-311.78859657593773,5.923908143406992,12.475719488765478,0.0,0.0,1,100.0,100.0
OLB,2014q2,-9.7637122793699,9.262743050769233,9.963940026570508,0.5288479787435946,-419.95161398214697,6.396912988410589,11.557002455657114,0.0,0.0,1,100.0,100.0
OLB,2014q1,-1.1657614931538285,10.57691660222997,1.9123384074045744,0.2359570616282924,-203.9816241064767,6.194405391104672,10.520966939871132,0.0,0.0,1,95.0,95.0
OLB,2013q4,-36.5256937307297,8.959825623865841,6.423432682425489,0.362153134635149,-263.4350410040174,6.584763767694766,9.17237447341749,0.0,0.0,1,100.0,100.0
OLB,2013q3,-12.129741833508955,8.934850340289763,3.292939936775553,0.3460221285563751,-360.05990107247123,4.825509809969567,7.171672405223398,0.0,0.0,1,100.0,100.0
OLB,2013q2,-6.551280142899673,9.505692950732184,1.860672819291456,0.6304703780887169,-265.62585509713904,4.6443908991413725,5.07258119081151,0.0,0.0,2,100.0,100.0
OLB,2012q2,-1.0272611913993654,11.862525440236997,0.1217201268946069,0.0003595347197744,-3.198343329432417,1.884034745337226,2.4498658322217164,0.0,0.0,1,100.0,100.0
OLB,2011q3,-0.3775816558866791,12.758240768330438,0.001534241212655,0.0017271008022383,10.713072500265485,1.5973653311998313,2.3349752284588656,0.0,0.0,1,100.0,100.0
OLB,2011q2,-0.478834618285137,12.979898485349723,0.0951225643379173,0.041488991234038,3.582964300935604,2.8535925063928684,2.5184513258573538,0.0,0.0,1,100.0,100.0
OLB,2011q1,-0.2846561523570518,13.090967649046588,0.0144465128181844,0.0017727935015457,1.8197958515762105,-0.2231435513142097,-0.6256585156953856,0.0,0.0,1,100.0,100.0
NCTY,2024q2,0.0003384490050198,20.319427405082767,0.1865048700715235,0.0213372629359402,0.0821253746875873,11.007347216285629,20.297156010255385,1.0,0.5,2,100.0,50.5
NCTY,2024q1,0.796790416056745,19.71190871429897,0.206477450926012,0.1243289157791658,0.0987668031681912,11.166974103061063,20.204149649540128,0.0,0.0,1,0.0,0.0
NCTY,2021q2,-0.0961891379316308,20.99142569064886,0.0516424342195797,0.6418102517251686,0.2974662017958593,10.447457871634285,18.306142659384605,3.0,3.0,1,25.0,25.0
NCTY,2020q4,0.7170568911363189,17.695863458118357,0.1290573146591606,0.6543224979458131,-0.0536171927253539,10.270093668728665,18.84909431283874,0.0,0.0,1,95.0,95.0
NCTY,2020q2,3.814233147947165,18.368299363076517,1.375887807591346,0.6105888015817791,-0.0539105819862079,9.125365102530196,18.56343538760194,0.0,0.0,1,100.0,100.0
NCTY,2018q4,-1.2504333663817957,18.919559932373517,2.9614797764784004,0.025845620042427,-28.3813887018662,8.23492576659929,17.614949962511506,0.0,0.0,1,100.0,100.0
NCTY,2018q1,-0.0797038671553922,19.593500836457515,1.142977093024575,0.4414112309740703,-0.073405019394183,8.981003934264564,17.07985045835414,0.0,0.0,1,100.0,100.0
NCTY,2017q2,-0.4964494290626955,19.523341655873747,1.1570061460896923,0.0114146560143745,-0.0554196478002096,7.840584493093233,15.510816684046022,0.0,0.0,1,95.0,95.0
NCTY,2017q1,-0.6743265308013838,19.675989024676177,0.9687985699668028,0.1107978428256758,-0.0739267297983673,6.946754813831147,15.219957664799406,0.0,0.0,3,100.0,100.0
NCTY,2016q4,-1.5912699507187955,19.675989024676177,0.9687985699668028,0.1107978428256758,-58.481220399433234,6.8355501107329,14.767149001258224,0.0,0.0,1,100.0,100.0
NCTY,2015q4,-0.714807081407111,20.10354553564908,0.310185256329524,0.091081590045337,-20.15306493846984,6.071268764806583,13.59691544875381,0.0,0.0,2,100.0,100.0
NCTY,2014q4,0.0661347805932495,20.064192899150186,0.0059174584860813,0.350805193838193,0.4753547015093283,5.739792912179234,12.654412963480963,0.0,0.0,2,100.0,100.0
