ticker,fiscal quarter,fiscal date,net income,total assets,roa,roa percent
ABTS,2025q1,2025-03-31,-447848.0,11371297.0,-0.0393840737780395,-3.94
ABTS,2024q3,2024-09-30,-447848.0,11371297.0,-0.0393840737780395,-3.94
ABTS,2024q2,2024-06-30,-6982.0,12202014.0,-0.0005722006219628,-0.06
ABTS,2024q1,2024-03-31,-6982.0,12202014.0,-0.0005722006219628,-0.06
ABTS,2023q4,2023-12-31,-9082174.0,12318268.0,-0.7372930999715219,-73.73
ABTS,2023q3,2023-09-30,-4541087.0,12318268.0,-0.3686465499857609,-36.86
ABTS,2023q2,2023-06-30,-3503076.0,21001534.0,-0.1668009584442736,-16.68
ABTS,2023q1,2023-03-31,-1751538.0,21001534.0,-0.0834004792221368,-8.34
ABTS,2022q4,2022-12-31,-10299020.0,24531417.0,-0.4198298043688222,-41.98
ABTS,2022q3,2022-09-30,-10299020.0,24531417.0,-0.4198298043688222,-41.98
ABTS,2022q2,2022-06-30,-461037.0,45354620.0,-0.0101651606826382,-1.02
ABTS,2022q1,2022-03-31,-461037.0,45354620.0,-0.0101651606826382,-1.02
ABTS,2021q4,2021-12-31,-556476.0,7737112.0,-0.0719229604017623,-7.19
ABTS,2021q3,2021-09-30,-556476.0,7737112.0,-0.0719229604017623,-7.19
ABTS,2021q2,2021-06-30,50151.0,3487548.0,0.014380017135248,1.44
ABTS,2021q1,2021-03-31,-1677049.0,3627303.0,-0.4623404772085486,-46.23
ABTS,2020q4,2020-12-31,-387160.0,2192192.0,-0.1766086182232213,-17.66
ABTS,2020q3,2020-09-30,78398.0,2295657.0,0.0341505721455775,3.42
ABTS,2020q2,2020-06-30,-84511.0,630563.0,-0.1340246731888804,-13.4
ABTS,2020q1,2020-03-31,-147721.0,1495992.0,-0.0987445120027379,-9.87
ABTS,2019q3,2019-09-30,224418.0,1741770.0,0.1288447958111576,12.88
ABTS,2019q2,2019-06-30,-90131.0,45937.0,-1.962056729869169,-196.21
ABTS,2019q1,2019-03-31,-53348.0,9146.0,-5.832932429477367,-583.29
ABTS,2018q4,2018-12-31,1078.0,303962.0,0.0035464959435718,0.35
ABTS,2018q3,2018-09-30,-2929788.0,299737.0,-9.774529003759962,-977.45
ABTS,2018q2,2018-06-30,-2040028.0,2003975.0,-1.0179907433974975,-101.8
ABTS,2018q1,2018-03-31,-1746315.0,1385989.0,-1.2599775322892173,-126.0
ABTS,2017q4,2017-12-31,-1879283.0,882260.0,-2.130078434928479,-213.01
ABTS,2017q3,2017-09-30,-2826592.0,1360468.0,-2.077661510597824,-207.77
ABTS,2017q2,2017-06-30,-2013710.0,2475396.0,-0.8134900436132239,-81.35
ABTS,2017q1,2017-03-31,-6050445.0,3074495.0,-1.967947581635358,-196.79
ABTS,2016q4,2016-12-31,-2803003.0,8577716.0,-0.3267773146138202,-32.68
ABTS,2016q3,2016-09-30,-4431641.0,5934603.0,-0.7467459912651276,-74.67
ABTS,2016q2,2016-06-30,-3852653.0,8252359.0,-0.4668547502598953,-46.69
ABTS,2016q1,2016-03-31,-2725462.0,10100217.0,-0.2698419251784392,-26.98
ABTS,2015q4,2015-12-31,-2804228.0,11595646.0,-0.2418345644563485,-24.18
ABTS,2015q3,2015-09-30,-2110007.0,13074206.0,-0.1613870088936949,-16.14
ABTS,2015q2,2015-06-30,-1916140.0,12122935.0,-0.1580590838769654,-15.81
ABTS,2015q1,2015-03-31,-1160237.0,9288635.0,-0.1249093112174178,-12.49
ABTS,2014q4,2014-12-31,-987261.0,2323402.0,-0.4249204399410864,-42.49
ABTS,2014q3,2014-09-30,-3620676.0,2860510.0,-1.265744919612237,-126.57
ABTS,2014q2,2014-06-30,-803689.0,4872365.0,-0.1649484387971755,-16.49
ABTS,2014q1,2014-03-31,-366977.0,4064293.0,-0.0902929488597401,-9.03
ARLP,2025q3,2025-09-30,95104000.0,2908341000.0,0.0327004295576068,3.27
ARLP,2025q2,2025-06-30,133319017.0,2869446000.0,0.0464615877071741,4.65
ARLP,2025q1,2025-03-31,73983000.0,2902735000.0,0.0254873421101133,2.55
ARLP,2024q4,2024-12-31,16330000.0,2915730000.0,0.0056006557534476,0.56
ARLP,2024q3,2024-09-30,86281000.0,3032173000.0,0.0284551705987752,2.85
ARLP,2024q2,2024-06-30,100187000.0,3052946000.0,0.0328164992109261,3.28
ARLP,2024q1,2024-03-31,158057000.0,2965787000.0,0.0532934428534483,5.33
ARLP,2023q4,2023-12-31,115444000.0,2788426000.0,0.0414011345468734,4.14
ARLP,2023q3,2023-09-30,153699000.0,2814041000.0,0.0546186071915796,5.46
ARLP,2023q2,2023-06-30,169790000.0,2787943000.0,0.0609015320614517,6.09
ARLP,2023q1,2023-03-31,191185000.0,2787749000.0,0.0685804209776418,6.86
ARLP,2022q4,2022-12-31,214453000.0,2728021000.0,0.078611198374206,7.86
ARLP,2022q3,2022-09-30,167708000.0,2504381000.0,0.0669658490461315,6.7
ARLP,2022q2,2022-06-30,163528000.0,2333191000.0,0.0700877039213677,7.01
ARLP,2022q1,2022-03-31,38083000.0,2225547000.0,0.017111748257844,1.71
ARLP,2021q4,2021-12-31,51826000.0,2159406000.0,0.02400011855112,2.4
ARLP,2021q3,2021-09-30,57548000.0,2148975000.0,0.0267792784932351,2.68
ARLP,2021q2,2021-06-30,44035000.0,2115513000.0,0.0208152821561484,2.08
ARLP,2021q1,2021-03-31,24748000.0,2151180000.0,0.0115043836406065,1.15
ARLP,2020q4,2020-12-31,35028000.0,2166016000.0,0.0161716256943623,1.62
ARLP,2020q3,2020-09-30,27199000.0,2231340000.0,0.012189536332428,1.22
ARLP,2020q2,2020-06-30,-46664000.0,2285628000.0,-0.0204162707142194,-2.04
ARLP,2020q1,2020-03-31,-144783000.0,2396421000.0,-0.0604163458757872,-6.04
ARLP,2019q4,2019-12-31,25832000.0,2586694000.0,0.009986492410776,1.0
ARLP,2019q3,2019-09-30,39084000.0,2627089000.0,0.0148773033574424,1.49
ARLP,2019q2,2019-06-30,58070000.0,2502721000.0,0.0232027461311109,2.32
ARLP,2019q1,2019-03-31,276428000.0,2485130000.0,0.111232812770358,11.12
ARLP,2018q4,2018-12-31,49800000.0,2394748000.0,0.0207955075022507,2.08
ARLP,2018q3,2018-09-30,73733000.0,2217373000.0,0.0332524117503009,3.33
ARLP,2018q2,2018-06-30,86190000.0,2265834000.0,0.0380389737288786,3.8
ARLP,2018q1,2018-03-31,151529000.0,2243414000.0,0.0675439308125918,6.75
ARLP,2017q4,2017-12-31,72523000.0,2219371000.0,0.0326772765797156,3.27
ARLP,2017q3,2017-09-30,59534000.0,2206652000.0,0.026979333397382,2.7
ARLP,2017q2,2017-06-30,61523000.0,2177418000.0,0.0282550249883118,2.83
ARLP,2017q1,2017-03-31,82325000.0,2204316000.0,0.0373471861566127,3.73
ARLP,2016q4,2016-12-31,96899000.0,2193042000.0,0.0441847442958228,4.42
ARLP,2016q3,2016-09-30,67348000.0,2244275000.0,0.0300088001693197,3.0
ARLP,2016q2,2016-06-30,60623000.0,2367856000.0,0.0256024859619841,2.56
ARLP,2016q1,2016-03-31,26713000.0,2368502000.0,0.0112784367503172,1.13
ARLP,2015q4,2015-12-31,-13652000.0,2363130000.0,-0.0057770837829488,-0.58
ARLP,2015q3,2015-09-30,45188000.0,2505393000.0,0.0180362921106588,1.8
ARLP,2015q2,2015-06-30,56338000.0,2329929000.0,0.0241801359612245,2.42
ARLP,2015q1,2015-03-31,68413000.0,2330926000.0,0.0293501380996222,2.94
ARLP,2014q4,2014-12-31,87475000.0,2285059000.0,0.0382812872665432,3.83
ARLP,2014q3,2014-09-30,83326000.0,2173602000.0,0.0383354450354756,3.83
ARLP,2014q2,2014-06-30,101257000.0,2135993000.0,0.0474051179006672,4.74
ARLP,2014q1,2014-03-31,81269000.0,2135958000.0,0.0380480327796707,3.8
ARLP,2013q4,2013-12-31,68407000.0,2121898000.0,0.0322385901678591,3.22
ARLP,2013q3,2013-09-30,55370000.0,2046648000.0,0.0270539926748517,2.71
ARLP,2013q2,2013-06-30,72484000.0,2020063000.0,0.0358820492232173,3.59
ARLP,2013q1,2013-03-31,72166000.0,1999538000.0,0.0360913370988698,3.61
ARLP,2012q4,2012-12-31,68889000.0,1955972000.0,0.0352198293227101,3.52
ARLP,2012q3,2012-09-30,32716000.0,1866269000.0,0.0175301631222508,1.75
ARLP,2012q2,2012-06-30,67390000.0,1858853000.0,0.0362535391448382,3.63
ARLP,2012q1,2012-03-31,82968000.0,1753453000.0,0.0473169226663047,4.73
ARLP,2011q4,2011-12-31,72139000.0,1731518000.0,0.0416622870798917,4.17
ARLP,2011q3,2011-09-30,80619000.0,1679165000.0,0.0480113627904345,4.8
ARLP,2011q2,2011-06-30,75969000.0,1626010000.0,0.0467211148762922,4.67
ARLP,2011q1,2011-03-31,95380000.0,1562406000.0,0.0610468725798544,6.1
ARLP,2010q4,2010-12-31,67610000.0,1501278000.0,0.0450349635443935,4.5
ARLP,2010q3,2010-09-30,73201000.0,1176106000.0,0.062240138218834,6.22
ARLP,2010q2,2010-06-30,85461000.0,1153502000.0,0.0740882980697042,7.41
ARLP,2010q1,2010-03-31,74988000.0,1132347000.0,0.0662235162896179,6.62
ARLP,2009q4,2009-12-31,41742000.0,1051400000.0,0.0397013505801788,3.97
ARLP,2009q3,2009-09-30,36444000.0,1070438000.0,0.0340458765477309,3.4
ARLP,2009q2,2009-06-30,41460000.0,1085304000.0,0.0382012781672231,3.82
ARLP,2009q1,2009-03-31,72511000.0,1095060000.0,0.066216463024857,6.62
ARLP,2008q4,2008-12-31,25180000.0,1030640000.0,0.0244314212528137,2.44
ARLP,2008q3,2008-09-30,29136000.0,1046913000.0,0.0278303927833544,2.78
ARLP,2008q2,2008-06-30,36697000.0,1073482000.0,0.0341850166095006,3.42
ARLP,2008q1,2008-03-31,34007000.0,742744000.0,0.0457856273493962,4.58
ARLP,2007q4,2007-12-31,39928000.0,701723000.0,0.0568999448500334,5.69
ARLP,2007q3,2007-09-30,38685000.0,697318000.0,0.0554768412689762,5.55
ARLP,2007q2,2007-06-30,46237000.0,695894000.0,0.0664425903945141,6.64
ARLP,2007q1,2007-03-31,45540000.0,657490000.0,0.0692634108503551,6.93
ARLP,2006q4,2006-12-31,45488000.0,634962000.0,0.071638932723533,7.16
ARLP,2006q3,2006-09-30,38640000.0,604375000.0,0.0639338159255429,6.39
ARLP,2006q2,2006-06-30,40550000.0,595002000.0,0.0681510314251044,6.82
ARLP,2006q1,2006-03-31,48249000.0,570156000.0,0.0846242081114642,8.46
ARLP,2005q4,2005-12-31,45658000.0,532687000.0,0.0857126229849799,8.57
ARLP,2005q3,2005-09-30,34481000.0,498717000.0,0.0691394117305004,6.91
APLD,2025q3,2025-08-31,-16926000.0,2398995000.0,-0.0070554544715599,-0.71
APLD,2025q2,2025-05-31,-52537000.0,1870090000.0,-0.0280933003224443,-2.81
APLD,2025q1,2025-02-28,-35555000.0,1707347000.0,-0.0208247064012177,-2.08
APLD,2024q4,2024-11-30,-138726000.0,1543169000.0,-0.0898968291872115,-8.99
APLD,2024q3,2024-08-31,-4247000.0,937732000.0,-0.0045290125536933,-0.45
APLD,2024q2,2024-05-31,-64450000.0,803594000.0,-0.0802021916539944,-8.02
APLD,2024q1,2024-02-29,-62838000.0,643168000.0,-0.0977007562565301,-9.77
APLD,2023q4,2023-11-30,-10529000.0,480654000.0,-0.021905570327096,-2.19
APLD,2023q3,2023-08-31,-11457000.0,349153000.0,-0.0328136948558368,-3.28
APLD,2023q2,2023-05-31,-6473000.0,263957000.0,-0.0245229336596491,-2.45
APLD,2023q1,2023-02-28,-7025000.0,207607000.0,-0.0338379727080493,-3.38
APLD,2022q4,2022-11-30,-26617000.0,167443000.0,-0.158961557067181,-15.9
APLD,2022q3,2022-08-31,-4531000.0,145920000.0,-0.0310512609649122,-3.11
APLD,2022q2,2022-05-31,-2807000.0,119980000.0,-0.0233955659276546,-2.34
APLD,2022q1,2022-02-28,-6445000.0,63494000.0,-0.1015056540775506,-10.15
APLD,2021q4,2021-11-30,-171000.0,53550000.0,-0.0031932773109243,-0.32
APLD,2021q3,2021-08-31,-14097000.0,50366000.0,-0.2798911964420442,-27.99
APLD,2021q2,2021-05-31,-345000.0,15052000.0,-0.0229205421206484,-2.29
APLD,2009q1,2009-02-28,-434384.0,4476436.0,-0.0970379114098805,-9.7
APLD,2008q4,2008-11-30,-442062.0,843040.0,-0.5243665780983109,-52.44
APLD,2008q3,2008-08-31,-333721.0,1083972.0,-0.3078686534338525,-30.79
APLD,2008q2,2008-05-31,-845666.0,1265276.0,-0.668364846879258,-66.84
APLD,2008q1,2008-02-29,-748567.0,2072261.0,-0.3612320069720947,-36.12
APLD,2007q4,2007-11-30,-783896.0,2881391.0,-0.2720547124635289,-27.21
APLD,2007q3,2007-08-31,-908169.0,3541944.0,-0.2564041102851993,-25.64
APLD,2007q2,2007-05-31,-846226.0,4219235.0,-0.200563846289671,-20.06
APLD,2007q1,2007-02-28,-720963.0,4969544.0,-0.1450762886896665,-14.51
APLD,2006q4,2006-11-30,-642178.0,6131463.0,-0.1047348732268302,-10.47
APLD,2006q3,2006-08-31,-579019.0,6872389.0,-0.0842529431904975,-8.43
APLD,2006q2,2006-05-31,-1009397.0,7157222.0,-0.1410319534590376,-14.1
APLD,2006q1,2006-02-28,-364062.0,8193622.0,-0.0444323645879685,-4.44
APLD,2005q4,2005-11-30,-252716.0,8361487.0,-0.0302238106690831,-3.02
APLD,2005q3,2005-08-31,-631384.0,8855425.0,-0.0712991189016902,-7.13
APLD,2005q2,2005-05-31,-464325.0,9183347.0,-0.0505616307431266,-5.06
APLD,2005q1,2005-02-28,-413136.0,9382134.0,-0.044034331634999,-4.4
APLD,2004q4,2004-11-30,-484857.0,9572244.0,-0.0506523862116343,-5.07
APLD,2004q3,2004-08-31,-49327.0,10224369.0,-0.0048244542034818,-0.48
APLD,2004q2,2004-05-31,11737.0,10716893.0,0.0010951868232705,0.11
APLD,2004q1,2004-02-29,6411.0,10800872.0,0.0005935631863797,0.06
APLD,2003q4,2003-11-30,-215721.0,3024989.0,-0.0713129865926785,-7.13
APLD,2003q3,2003-08-31,-226641.0,3020507.0,-0.075034091958734,-7.5
APLD,2003q2,2003-05-31,-225170.0,1519826.0,-0.1481551177569011,-14.82
APLD,2003q1,2003-02-28,-154983.0,1732056.0,-0.0894792085244357,-8.95
APLD,2002q4,2002-11-30,-309796.0,1747734.0,-0.1772558066616544,-17.73
APLD,2002q2,2002-05-31,-44827.0,663.0,-67.61236802413273,-6761.24
APLD,2002q1,2002-02-28,-9884.0,25912.0,-0.381444890398271,-38.14
APLD,2001q3,2001-08-31,-5635.0,3303.0,-1.7060248259158342,-170.6
ARBK,2025q1,2025-03-31,-15935000.0,19258000.0,-0.8274483331602451,-82.74
ARBK,2024q4,2024-12-31,-22213000.0,19258000.0,-1.153442725101257,-115.34
ARBK,2024q3,2024-09-30,-6278000.0,29463000.0,-0.2130808132233649,-21.31
ARBK,2024q2,2024-06-30,-32734000.0,33331000.0,-0.9820887462122349,-98.21
ARBK,2024q1,2024-03-31,-3155000.0,75940000.0,-0.0415459573347379,-4.15
ARBK,2023q4,2023-12-31,-9897000.0,75940000.0,-0.1303265736107453,-13.03
ARBK,2023q3,2023-09-30,-9897000.0,84017000.0,-0.1177975885832629,-11.78
ARBK,2023q2,2023-06-30,-9192000.0,88824000.0,-0.1034855444474466,-10.35
ARBK,2023q1,2023-03-31,-9192000.0,99003000.0,-0.0928456713432926,-9.28
ARBK,2022q4,2022-12-31,-18041000.0,71924750.0,-0.2508315983023924,-25.08
ARBK,2022q3,2022-09-30,-18041000.0,91418000.0,-0.1973462556608108,-19.73
ARBK,2022q2,2022-06-30,2066000.0,368310935.0,0.0056093908805612,0.56
ARBK,2022q1,2022-03-31,2066000.0,287699000.0,0.0071811163751003,0.72
ARBK,2021q4,2021-12-31,55573913.06,287699000.0,0.1931668621024056,19.32
ARBK,2021q3,2021-09-30,17351278.0,71924750.0,0.2412421037264641,24.12
ARBK,2021q2,2021-06-30,-16499913.06,193356302.0,-0.0853342398945962,-8.53
ARBK,2021q1,2021-03-31,26484131.0,71924750.0,0.3682199938129781,36.82
ARBK,2020q4,2020-12-31,2443578.0,44486692.0,0.0549282918136507,5.49
ARBK,2020q3,2020-09-30,-1119923.0,8160733.5,-0.1372331298405958,-13.72
ARBK,2020q2,2020-06-30,324065.0,29401073.0,0.0110222167741973,1.1
ARBK,2020q1,2020-03-31,325165.0,8160733.5,0.0398450702991342,3.98
ARBK,2019q4,2019-12-31,-684518.03,32418613.0,-0.0211149696626441,-2.11
ARBK,2019q3,2019-09-30,-1116425.0,6181257.0,-0.1806145578480234,-18.06
ARBK,2019q2,2019-06-30,-454952.0,44952883.0,-0.0101206412055929,-1.01
ARBK,2019q1,2019-03-31,-227476.0,6181257.0,-0.0368009290019813,-3.68
ARBK,2018q4,2018-12-31,-227476.0,27468432.0,-0.0082813609455392,-0.83
ARBK,2018q2,2018-06-30,-3889809.0,5411830.5,-0.7187603159411589,-71.88
BTOG,2025q1,2025-03-31,-2805000.0,4033749.0,-0.6953828807890625,-69.54
BTOG,2024q4,2024-12-31,-5610000.0,4033749.0,-1.390765761578125,-139.08
BTOG,2024q3,2024-09-30,-1403000.0,4033749.0,-0.3478153945622298,-34.78
BTOG,2024q2,2024-06-30,-10474000.0,6684745.0,-1.5668510915524825,-156.69
BTOG,2024q1,2024-03-31,-5237000.0,6684745.0,-0.7834255457762412,-78.34
BTOG,2023q4,2023-12-31,-7058000.0,13465381.0,-0.5241589525019752,-52.42
BTOG,2023q3,2023-09-30,-3529000.0,13465381.0,-0.2620794762509876,-26.21
BTOG,2023q2,2023-06-30,-24212000.0,13335828.0,-1.8155603086662488,-181.56
BTOG,2023q1,2023-03-31,-12106000.0,13335828.0,-0.9077801543331244,-90.78
BTOG,2022q4,2022-12-31,-4005000.0,36557033.0,-0.1095548427029075,-10.96
BTOG,2022q3,2022-09-30,-2002000.0,36557033.0,-0.0547637440926893,-5.48
BTOG,2022q2,2022-06-30,26989894.0,34954924.0,0.7721342492405362,77.21
BTOG,2022q1,2022-03-31,-1707000.0,34954924.0,-0.0488343215965796,-4.88
BTOG,2021q4,2021-12-31,-23750504.0,29253152.0,-0.811895552315183,-81.19
BTOG,2021q3,2021-09-30,1738000.0,29253152.0,0.0594124010978372,5.94
BTOG,2021q2,2021-06-30,-36025080.0,40875828.0,-0.8813296699457684,-88.13
BTOG,2021q1,2021-03-31,-1038000.0,40875828.0,-0.0253939810099993,-2.54
BTOG,2020q4,2020-12-31,-9584439.0,85858922.0,-0.1116300877851692,-11.16
BTOG,2020q3,2020-09-30,-782000.0,85858922.0,-0.0091079643417838,-0.91
BTOG,2020q2,2020-06-30,-4260000.0,63349434.0,-0.0672460625299351,-6.72
BTOG,2020q1,2020-03-31,-2130000.0,63349434.0,-0.0336230312649675,-3.36
BTOG,2019q4,2019-12-31,-77602.0,56872208.0,-0.0013644977525753,-0.14
BTOG,2019q3,2019-09-30,-38801.0,56872208.0,-0.0006822488762876,-0.07
BTOG,2019q2,2019-06-30,3228000.0,51351317.0,0.0628610946823428,6.29
BTOG,2019q1,2019-03-31,1614000.0,51351317.0,0.0314305473411714,3.14
BTOG,2018q4,2018-12-31,1136084.0,47639648.0,0.0238474474034736,2.38
BTOG,2018q3,2018-09-30,568042.0,47639648.0,0.0119237237017368,1.19
BTOG,2018q2,2018-06-30,1874285.0,33729693.0,0.0555678049011593,5.56
BTOG,2018q1,2018-03-31,937143.0,33729693.0,0.0277839172743137,2.78
BTOG,2017q4,2017-12-31,1893824.0,46540899.0,0.0406916076116191,4.07
BTOG,2017q3,2017-09-30,946912.0,46540899.0,0.0203458038058095,2.03
BTOG,2017q2,2017-06-30,1630946.0,27015948.0,0.0603697490089927,6.04
BTOG,2017q1,2017-03-31,815473.0,27015948.0,0.0301848745044963,3.02
BTDR,2025q3,2025-09-30,-266685000.0,2437079000.0,-0.1094281309715442,-10.94
BTDR,2025q2,2025-06-30,-147733000.0,2041070000.0,-0.0723801731444781,-7.24
BTDR,2025q1,2025-03-31,409473000.0,1598625000.0,0.2561407459535538,25.61
BTDR,2024q4,2024-12-31,-531917000.0,1557854000.0,-0.3414421377099523,-34.14
BTDR,2024q3,2024-09-30,-50097000.0,1046433000.0,-0.0478740636046454,-4.79
BTDR,2024q2,2024-06-30,-17743000.0,827715000.0,-0.0214361223367946,-2.14
BTDR,2024q1,2024-03-31,606000.0,690970000.0,0.0008770279462205,0.09
BTDR,2023q4,2023-12-31,-5031000.0,639387000.0,-0.0078684740227749,-0.79
BTDR,2023q3,2023-09-30,-1798000.0,621607000.0,-0.0028925028193054,-0.29
BTDR,2023q2,2023-06-30,-40360000.0,619013000.0,-0.0652005692933751,-6.52
BTDR,2023q1,2023-03-31,-9467000.0,636771000.0,-0.0148671971556493,-1.49
BTDR,2022q4,2022-12-31,-13035000.0,651409000.0,-0.0200104696127931,-2.0
BTDR,2022q2,2022-06-30,-15607000.0,659685000.0,-0.0236582611397864,-2.37
BTDR,2022q1,2022-03-31,-9587000.0,58431977.0,-0.1640711215367571,-16.41
BTDR,2021q4,2021-12-31,-15602000.0,646974000.0,-0.0241153431204345,-2.41
BTDR,2021q3,2021-09-30,-15602000.0,646974000.0,-0.0241153431204345,-2.41
BTDR,2021q2,2021-06-30,56923500.0,995735000.0,0.0571673186138882,5.72
BTDR,2021q1,2021-03-31,56923500.0,995735000.0,0.0571673186138882,5.72
BTDR,2020q4,2020-12-31,-13279000.0,853302000.0,-0.0155618995384986,-1.56
BTDR,2020q3,2020-09-30,-13279000.0,853302000.0,-0.0155618995384986,-1.56
BITF,2025q3,2025-09-30,-80769000.0,801279000.0,-0.1008000958467649,-10.08
BITF,2025q2,2025-06-30,-28844000.0,827950000.0,-0.0348378525273265,-3.48
BITF,2025q1,2025-03-31,-35875000.0,777003000.0,-0.0461709929047893,-4.62
BITF,2024q4,2024-12-31,15165000.0,667616000.0,0.0227151536212433,2.27
BITF,2024q3,2024-09-30,-36649000.0,586625000.0,-0.062474323460473,-6.25
BITF,2024q2,2024-06-30,-26599000.0,535934000.0,-0.0496311112935548,-4.96
BITF,2024q1,2024-03-31,-5980000.0,426473000.0,-0.014021989668748,-1.4
BITF,2023q4,2023-12-31,-57373000.0,378725000.0,-0.1514898673179747,-15.15
BITF,2023q3,2023-09-30,-16507000.0,332797000.0,-0.0496008076995886,-4.96
BITF,2023q2,2023-06-30,-26083000.0,325637000.0,-0.0800983917675202,-8.01
BITF,2023q1,2023-03-31,-3700000.0,331982000.0,-0.0111451825701393,-1.11
BITF,2022q4,2022-12-31,-16843000.0,343098000.0,-0.0490909302881392,-4.91
BITF,2022q3,2022-09-30,-84808000.0,376960000.0,-0.2249787775891341,-22.5
BITF,2022q2,2022-06-30,-141918000.0,473135000.0,-0.29995244486246,-30.0
BITF,2022q1,2022-03-31,4519000.0,639121000.0,0.0070706485939282,0.71
BITF,2021q4,2021-12-31,9677000.0,542587000.0,0.0178349278548877,1.78
BITF,2021q3,2021-09-30,23733000.0,321956405.0,0.0737149490782766,7.37
BITF,2021q2,2021-06-30,-3675000.0,231224000.0,-0.015893678856866,-1.59
BITF,2021q1,2021-03-31,-7605000.0,163995000.0,-0.0463733650416171,-4.64
BITF,2020q4,2020-12-31,-5374000.0,51704000.0,-0.1039377997833823,-10.39
BITF,2020q3,2020-09-30,-4761000.0,45926000.0,-0.103666768279406,-10.37
BITF,2020q2,2020-06-30,-3730000.0,47654000.0,-0.0782725479498048,-7.83
BITF,2020q1,2020-03-31,-2424000.0,50647000.0,-0.0478606827650206,-4.79
BITF,2019q4,2019-12-31,1124000.0,52856000.0,0.0212653246556682,2.13
BITF,2019q3,2019-09-30,3900000.0,51490000.0,0.0757428626917848,7.57
BITF,2019q2,2019-06-30,-834000.0,44860000.0,-0.0185911725367811,-1.86
BITF,2019q1,2019-03-31,-1290000.0,33677000.0,-0.0383050746800487,-3.83
BITF,2018q4,2018-12-31,-13066000.0,26233000.0,-0.4980749437731102,-49.81
BITF,2018q3,2018-09-30,-1150000.0,6558250.0,-0.1753516563107536,-17.54
BITF,2018q2,2018-06-30,-1222000.0,52657000.0,-0.023206791119889,-2.32
BITF,2018q1,2018-03-31,6075000.0,6558250.0,0.9263141844241986,92.63
FUFU,2025q3,2025-09-30,11543000.0,500340000.0,0.0230703121877123,2.31
FUFU,2025q2,2025-06-30,47125000.0,467605000.0,0.1007795040686049,10.08
FUFU,2025q1,2025-03-31,-16872000.0,383965000.0,-0.0439415050850989,-4.39
FUFU,2024q4,2024-12-31,22332000.0,377678000.0,0.0591297348534995,5.91
FUFU,2024q3,2024-09-30,-5008000.0,282545000.0,-0.0177246102390769,-1.77
FUFU,2024q2,2024-06-30,1331000.0,293201000.0,0.004539547955157,0.45
FUFU,2024q1,2024-03-31,35308000.0,210033000.0,0.168106916532164,16.81
FUFU,2023q4,2023-12-31,35308000.0,306729000.0,0.1151113849684901,11.51
FUFU,2023q3,2023-09-30,5139000.0,198173855.0,0.0259317759146381,2.59
FUFU,2023q2,2023-06-30,2683000.0,198173855.0,0.0135386173922892,1.35
FUFU,2023q1,2023-03-31,2683000.0,71823654.0,0.0373553815571677,3.74
FUFU,2022q4,2022-12-31,-2097086.0,198335358.0,-0.0105734349192542,-1.06
FUFU,2022q3,2022-09-30,-2097086.0,198335358.0,-0.0105734349192542,-1.06
FUFU,2022q2,2022-06-30,3318085.0,215209272.0,0.0154179463048413,1.54
FUFU,2022q1,2022-03-31,3318086.0,215209272.0,0.0154179509514813,1.54
FUFU,2021q4,2021-12-31,2132292.0,116295219.0,0.0183351647499799,1.83
FUFU,2021q3,2021-09-30,2132293.0,150000.0,14.215286666666668,1421.53
BMNR,2025q3,2025-08-31,351331391.0,8795053000.0,0.0399464779802918,3.99
BMNR,2025q2,2025-05-31,-622762.0,8265816.0,-0.0753418658242574,-7.53
BMNR,2025q1,2025-02-28,-1156891.0,7500676.0,-0.1542382313274163,-15.42
BMNR,2024q4,2024-11-30,-974738.0,7934925.0,-0.1228414887349281,-12.28
BMNR,2024q3,2024-08-31,-813871.0,7282000.0,-0.1117647624279044,-11.18
BMNR,2024q2,2024-05-31,-654228.0,8166529.0,-0.0801109014613185,-8.01
BMNR,2024q1,2024-02-29,-902682.0,7849837.0,-0.114993725347418,-11.5
BMNR,2023q4,2023-11-30,-929870.0,8580018.0,-0.1083762295137376,-10.84
BMNR,2023q2,2023-05-31,-523703.0,8431157.0,-0.0621151996102077,-6.21
BMNR,2023q1,2023-02-28,-307407.0,8138167.0,-0.0377734937117903,-3.78
BMNR,2022q4,2022-11-30,-470665.0,8206412.0,-0.057353323230664,-5.74
BMNR,2022q2,2022-05-31,-486912.0,3410242.0,-0.142779310090017,-14.28
BMNR,2022q1,2022-02-28,-112127.0,2943537.0,-0.0380926076349643,-3.81
BMNR,2021q4,2021-11-30,-708756.0,2046514.0,-0.3463235531249725,-34.63
BMNR,2021q2,2021-05-31,-19941.0,3466.0,-5.7533179457588,-575.33
BMNR,2021q1,2021-02-28,-10368.0,2871.0,-3.61128526645768,-361.13
BMNR,2014q3,2014-08-31,-345.0,182870.0,-0.0018865860994148,-0.19
BMNR,2014q2,2014-05-31,3126.0,183215.0,0.0170619217858799,1.71
BMNR,2014q1,2014-02-28,-195.0,180173.0,-0.0010822931293812,-0.11
BMNR,2013q4,2013-11-30,14650.0,184751.0,0.0792959172074846,7.93
BMNR,2013q3,2013-08-31,-22430.0,213861.0,-0.104881207887366,-10.49
BMNR,2013q2,2013-05-31,-405.0,233238.0,-0.0017364237388418,-0.17
BMNR,2013q1,2013-02-28,-21014.0,219625.0,-0.0956812749003984,-9.57
BMNR,2012q4,2012-11-30,29523.0,229281.0,0.128763395135227,12.88
BMNR,2012q3,2012-08-31,-66294.0,275221.0,-0.2408755145864596,-24.09
BMNR,2012q2,2012-05-31,37157.0,492614.0,0.0754282257507906,7.54
BMNR,2011q2,2011-05-31,-18599.0,44411.0,-0.4187926414627007,-41.88
BMNR,2011q1,2011-02-28,-26052.0,44062.0,-0.5912577731378512,-59.13
CAN,2025q3,2025-09-30,-27779675.0,670002903.0,-0.0414620218444038,-4.15
CAN,2025q2,2025-06-30,-11058000.0,592175000.0,-0.0186735340059948,-1.87
CAN,2025q1,2025-03-31,-86431000.0,565554000.0,-0.1528253712289189,-15.28
CAN,2024q4,2024-12-31,-92902000.0,463011000.0,-0.2006475008153154,-20.06
CAN,2024q3,2024-09-30,-75578000.0,502136000.0,-0.1505130084279956,-15.05
CAN,2024q2,2024-06-30,-41880000.0,525543000.0,-0.0796890073695206,-7.97
CAN,2024q1,2024-03-31,-39326281.0,533210385.0,-0.0737537791954295,-7.38
CAN,2023q4,2023-12-31,-223863203.0,494361861.0,-0.4528326731094654,-45.28
CAN,2023q3,2023-09-30,-80051804.0,463822372.0,-0.1725915109588547,-17.26
CAN,2023q2,2023-06-30,-26341612.0,539239439.0,-0.048849564951795,-4.88
CAN,2023q1,2023-03-31,-84261935.0,632918339.0,-0.1331323960894108,-13.31
CAN,2022q4,2022-12-31,-89759189.0,689997401.0,-0.1300862711510416,-13.01
CAN,2022q3,2022-09-30,6446878.0,781234996.0,0.0082521623237676,0.83
CAN,2022q2,2022-06-30,90854028.0,924296058.0,0.0982953753979982,9.83
CAN,2022q1,2022-03-31,64958988.0,983855864.0,0.066024903013639,6.6
CAN,2021q4,2021-12-31,187885848.0,884410787.0,0.2124418321912665,21.24
CAN,2021q3,2021-09-30,86394543.0,608680630.0,0.1419373949849529,14.19
CAN,2021q2,2021-06-30,37878220.0,506815855.0,0.0747376381901075,7.47
CAN,2021q1,2021-03-31,183383.0,359694814.0,0.000509829424452,0.05
CAN,2020q4,2020-12-31,-11013576.6,158629788.93,-0.0694294348765732,-6.94
CAN,2020q3,2020-09-30,-12713922.0,106648868.0,-0.1192129109143474,-11.92
CAN,2020q2,2020-06-30,-2377514.83,128719477.0,-0.0184705134406349,-1.85
CAN,2020q1,2020-03-31,-5633850.69,137392561.0,-0.0410055002177301,-4.1
CAN,2019q4,2019-12-31,-114082294.76,141697061.51,-0.8051140478445904,-80.51
CAN,2019q3,2019-09-30,94625000.0,1596091000.0,0.0592854668060906,5.93
CAN,2019q2,2019-06-30,-263067000.0,1444254000.0,-0.1821473231162939,-18.21
CAN,2018q4,2018-12-31,-27516000.0,1402694000.0,-0.0196165378906589,-1.96
CANG,2025q2,2025-06-30,-2116011661.0,8045219206.0,-0.2630147926139677,-26.3
CANG,2025q1,2025-03-31,-207356000.0,7055061000.0,-0.0293910995241571,-2.94
CANG,2024q4,2024-12-31,55886298.0,5969324000.0,0.0093622490586873,0.94
CANG,2024q3,2024-09-30,67879125.0,4527289000.0,0.0149933271324185,1.5
CANG,2024q2,2024-06-30,86022837.0,4564537000.0,0.0188459063865623,1.88
CANG,2024q1,2024-03-31,90026786.0,4580358015.0,0.0196549670801224,1.97
CANG,2023q4,2023-12-31,-103778418.0,4648610014.0,-0.0223246126664649,-2.23
CANG,2023q3,2023-09-30,-49086542.0,5008940766.0,-0.0097997848833016,-0.98
CANG,2023q2,2023-06-30,36226609.0,5632630640.0,0.0064315612571393,0.64
CANG,2023q1,2023-03-31,78765077.0,6743049443.0,0.0116809282900582,1.17
CANG,2022q4,2022-12-31,-558935912.0,7016252333.0,-0.0796630288467705,-7.97
CANG,2022q3,2022-09-30,-130325130.0,8388252508.0,-0.015536624568193,-1.55
CANG,2022q2,2022-06-30,-285784991.0,8740871507.0,-0.0326952513569308,-3.27
CANG,2022q1,2022-03-31,-136161850.0,9923603843.0,-0.0137210082298929,-1.37
CANG,2021q4,2021-12-31,124127040.0,10947104032.0,0.0113388015348313,1.13
CANG,2021q3,2021-09-30,-416537720.0,11238143295.0,-0.0370646386209831,-3.71
CANG,2021q2,2021-06-30,557737863.0,11701345664.0,0.0476644207440105,4.77
CANG,2021q1,2021-03-31,-273871535.0,11248953042.0,-0.0243464021920485,-2.43
CANG,2020q4,2020-12-31,1568492735.0,12145932599.0,0.1291372829723373,12.91
CANG,2020q3,2020-09-30,1769126529.0,10185452299.0,0.1736915040261581,17.37
CANG,2020q2,2020-06-30,70231065.0,8002165007.0,0.0087765079748498,0.88
CANG,2020q1,2020-03-31,-38332482.0,8736574374.0,-0.0043875872119943,-0.44
CANG,2019q4,2019-12-31,94120169.0,8736574374.0,0.0107731205585682,1.08
CANG,2019q3,2019-09-30,117640029.0,7868940617.0,0.0149499195286658,1.49
CANG,2019q2,2019-06-30,91538991.0,7579344374.0,0.0120774286644123,1.21
CANG,2019q1,2019-03-31,76218500.0,7680160145.0,0.0099240769151956,0.99
CANG,2018q4,2018-12-31,55332677.0,7301140204.0,0.0075786350424671,0.76
CANG,2018q3,2018-09-30,102815585.0,6656910852.0,0.0154449394450145,1.54
CANG,2018q2,2018-06-30,64451615.0,5394582430.0,0.011947470603392,1.19
CANG,2018q1,2018-03-31,84026495.0,5345920356.0,0.0157178725840336,1.57
CANG,2017q4,2017-12-31,34877907.0,1996867577.0,0.0174663094346991,1.75
CANG,2017q3,2017-09-30,124689212.0,1733163243.0,0.071943143557655,7.19
CANG,2016q4,2016-12-31,44369619.0,714856540.0,0.0620678646935229,6.21
CIFR,2025q3,2025-09-30,-3283000.0,2840866000.0,-0.0011556335286493,-0.12
CIFR,2025q2,2025-06-30,-45781000.0,1018759000.0,-0.0449380079096233,-4.49
CIFR,2025q1,2025-03-31,-38975000.0,913792000.0,-0.0426519382966802,-4.27
CIFR,2024q4,2024-12-31,17510000.0,855446000.0,0.0204688548429708,2.05
CIFR,2024q3,2024-09-30,-86754000.0,775438000.0,-0.1118774163762931,-11.19
CIFR,2024q2,2024-06-30,-15291000.0,775592000.0,-0.0197152626638748,-1.97
CIFR,2024q1,2024-03-31,39900000.0,677141000.0,0.0589242122394006,5.89
CIFR,2023q4,2023-12-31,11236000.0,566137000.0,0.0198467862019263,1.98
CIFR,2023q3,2023-09-30,-18621000.0,416490000.0,-0.0447093567672693,-4.47
CIFR,2023q2,2023-06-30,-13198000.0,416723000.0,-0.0316709180918739,-3.17
CIFR,2023q1,2023-03-31,-4553000.0,412685000.0,-0.0110326277911724,-1.1
CIFR,2022q4,2022-12-31,-51627000.0,418463000.0,-0.1233729146901876,-12.34
CIFR,2022q3,2022-09-30,59292000.0,407493000.0,0.1455043399518519,14.55
CIFR,2022q2,2022-06-30,-29219000.0,341951000.0,-0.0854479150521566,-8.54
CIFR,2022q1,2022-03-31,-17499000.0,357881000.0,-0.0488961414548411,-4.89
CIFR,2021q4,2021-12-31,-69070612.0,354167218.0,-0.1950226008777582,-19.5
CIFR,2021q3,2021-09-30,-2421183.0,381657134.0,-0.0063438693641712,-0.63
CIFR,2021q2,2021-06-30,-548000.0,170407906.0,-0.0032158132381487,-0.32
CIFR,2021q1,2021-03-31,-113000.0,170977831.0,-0.0006609043952604,-0.07
CIFR,2020q4,2020-12-31,1115495.0,173087.0,6.444706997059282,644.47
CIFR,2020q3,2020-09-30,-3576.0,281424.0,-0.0127068053897322,-1.27
CIFR,2020q2,2020-06-30,-2000.0,86701.0,-0.0230677846852977,-2.31
CLSK,2025q3,2025-09-30,-925000.0,3183631000.0,-0.0002905487476406,-0.03
CLSK,2025q2,2025-06-30,257390000.0,3101817000.0,0.0829803950394236,8.3
CLSK,2025q1,2025-03-31,-138792000.0,2656998000.0,-0.0522363961132074,-5.22
CLSK,2024q4,2024-12-31,246791000.0,2779292000.0,0.088796355330782,8.88
CLSK,2024q3,2024-09-30,-62179000.0,1962662000.0,-0.0316809516870454,-3.17
CLSK,2024q2,2024-06-30,-236242000.0,1475575000.0,-0.160101655286922,-16.01
CLSK,2024q1,2024-03-31,126735000.0,1537315000.0,0.0824391878047114,8.24
CLSK,2023q4,2023-12-31,25909000.0,862731000.0,0.0300313771036394,3.0
CLSK,2023q3,2023-09-30,-74879000.0,761578000.0,-0.0983208548566266,-9.83
CLSK,2023q2,2023-06-30,-14219000.0,652803000.0,-0.0217814562739448,-2.18
CLSK,2023q1,2023-03-31,-18460000.0,531553000.0,-0.0347284278331605,-3.47
CLSK,2022q4,2022-12-31,-29031000.0,486789000.0,-0.059637748593333,-5.96
CLSK,2022q3,2022-09-30,-42301151.0,452624772.0,-0.0934574367485127,-9.35
CLSK,2022q2,2022-06-30,-29340000.0,411058824.0,-0.0713766455965922,-7.14
CLSK,2022q1,2022-03-31,-171000.0,424797304.0,-0.0004025449276391,-0.04
CLSK,2021q4,2021-12-31,14486000.0,418144771.0,0.0346435038882741,3.46
CLSK,2021q3,2021-09-30,-5367391.0,317473121.0,-0.0169065997873879,-1.69
CLSK,2021q2,2021-06-30,-16677000.0,297488821.0,-0.0560592493658778,-5.61
CLSK,2021q1,2021-03-31,7400000.0,292612596.0,0.0252894103027608,2.53
CLSK,2020q4,2020-12-31,-7168000.0,78172736.0,-0.0916943728309573,-9.17
CLSK,2020q3,2020-09-30,-7063000.0,22340063.0,-0.316158463832443,-31.62
CLSK,2020q2,2020-06-30,-8551000.0,20628304.0,-0.4145275345951853,-41.45
CLSK,2020q1,2020-03-31,-5815000.0,22490671.0,-0.2585516457023448,-25.86
CLSK,2019q4,2019-12-31,-1916000.0,23989281.0,-0.0798690048276144,-7.99
CLSK,2019q3,2019-09-30,-12097000.0,23434252.0,-0.5162102037649847,-51.62
CLSK,2019q2,2019-06-30,-3972000.0,32912161.0,-0.1206848738981314,-12.07
CLSK,2019q1,2019-03-31,-7765000.0,24438095.0,-0.3177416242960018,-31.77
CLSK,2018q4,2018-12-31,-2284000.0,21441309.0,-0.106523347058708,-10.65
CLSK,2018q3,2018-09-30,-38466878.0,17555662.0,-2.191137992973435,-219.11
CLSK,2018q2,2018-06-30,-6154000.0,19437688.0,-0.3166014394304507,-31.66
CLSK,2018q1,2018-03-31,-1125000.0,20780671.0,-0.054136846687963,-5.41
CLSK,2017q4,2017-12-31,-1057000.0,20244886.0,-0.0522107163260884,-5.22
CLSK,2017q3,2017-09-30,-10042111.0,20792802.0,-0.4829609304219797,-48.3
CLSK,2017q2,2017-06-30,-1450000.0,30426731.0,-0.0476554645321576,-4.77
CLSK,2017q1,2017-03-31,-1201000.0,31650789.0,-0.0379453415837437,-3.79
CLSK,2016q4,2016-12-31,-793000.0,32317084.0,-0.024538104984967,-2.45
CLSK,2016q3,2016-09-30,-2145000.0,33019542.0,-0.0649615309624827,-6.5
CLSK,2016q2,2016-06-30,-133503.0,781025.0,-0.1709330687237924,-17.09
CLSK,2016q1,2016-03-31,-190000.0,856481.0,-0.2218379625467465,-22.18
CLSK,2015q4,2015-12-31,-72016.0,859631.0,-0.0837754804096176,-8.38
CLSK,2015q3,2015-09-30,-49972.0,817399.0,-0.061135381863692,-6.11
CLSK,2015q2,2015-06-30,-54776.0,818681.0,-0.0669076233600144,-6.69
CLSK,2015q1,2015-03-31,-3189000.0,877112.0,-3.6357956566550222,-363.58
CLSK,2014q4,2014-12-31,-191338.0,685877.0,-0.2789683864599629,-27.9
CLSK,2014q3,2014-09-30,26529.0,763254.0,0.0347577608502543,3.48
CLSK,2014q2,2014-06-30,-10899.0,690151.0,-0.0157921962005416,-1.58
CLSK,2014q1,2014-03-31,-50560.0,628378.0,-0.0804611237185261,-8.05
CLSK,2013q4,2013-12-31,-10215.0,507.0,-20.14792899408284,-2014.79
CLSK,2013q3,2013-09-30,-10439.0,270.0,-38.662962962962965,-3866.3
CLSK,2013q2,2013-06-30,-5534.0,403.0,-13.732009925558312,-1373.2
CLSK,2013q1,2013-03-31,-6055.0,2023.0,-2.9930795847750864,-299.31
CLSK,2012q4,2012-12-31,-9744.0,1301.0,-7.489623366641045,-748.96
CLSK,2012q3,2012-09-30,-5037.0,1822.0,-2.7645444566410537,-276.45
CLSK,2012q2,2012-06-30,-4487.0,567.0,-7.91358024691358,-791.36
CLSK,2012q1,2012-03-31,-4089.0,98.0,-41.724489795918366,-4172.45
CLSK,2011q4,2011-12-31,-6131.0,387.0,-15.842377260981912,-1584.24
CLSK,2011q3,2011-09-30,-23634.0,208.0,-113.625,-11362.5
CLSK,2011q2,2011-06-30,-10018.0,723.0,-13.85615491009682,-1385.62
CLSK,2011q1,2011-03-31,-2747.0,320.0,-8.584375,-858.44
CLSK,2010q4,2010-12-31,-1585.0,40.0,-39.625,-3962.5
CLSK,2010q3,2010-09-30,-3490.0,40.0,-87.25,-8725.0
CORZ,2025q3,2025-09-30,-146660000.0,2295980000.0,-0.0638768630388766,-6.39
CORZ,2025q2,2025-06-30,-936799000.0,1978052000.0,-0.4735967507426498,-47.36
CORZ,2025q1,2025-03-31,580693000.0,1625371000.0,0.3572679714354446,35.73
CORZ,2024q4,2024-12-31,-265541000.0,1598815000.0,-0.1660861325419138,-16.61
CORZ,2024q3,2024-09-30,-455259000.0,921851000.0,-0.4938531281085555,-49.39
CORZ,2024q2,2024-06-30,-804896000.0,761456000.0,-1.0570486016263578,-105.7
CORZ,2024q1,2024-03-31,210691000.0,813968000.0,0.2588443280325516,25.88
CORZ,2023q4,2023-12-31,-195693000.0,712156000.0,-0.2747895124102023,-27.48
CORZ,2023q3,2023-09-30,-41146000.0,705462000.0,-0.0583248991441069,-5.83
CORZ,2023q2,2023-06-30,-9260000.0,750862000.0,-0.0123324925219281,-1.23
CORZ,2023q1,2023-03-31,-388000.0,760019000.0,-0.0005105135529506,-0.05
CORZ,2022q4,2022-12-31,-434847000.0,807686000.0,-0.5383862045398831,-53.84
CORZ,2022q3,2022-09-30,-434792000.0,1404001000.0,-0.3096806911106188,-30.97
CORZ,2022q2,2022-06-30,-810475000.0,1845158000.0,-0.4392442273236221,-43.92
CORZ,2022q1,2022-03-31,-466204000.0,2704048000.0,-0.1724096613669579,-17.24
CORZ,2021q4,2021-12-31,60506000.0,2438864000.0,0.0248090914458534,2.48
CORZ,2021q3,2021-09-30,-16629000.0,2106553000.0,-0.0078939385811797,-0.79
GREE,2025q3,2025-09-30,11958000.0,50567000.0,0.2364783356734629,23.65
GREE,2025q2,2025-06-30,-4118000.0,52761000.0,-0.0780500748659047,-7.81
GREE,2025q1,2025-03-31,-5564000.0,56714000.0,-0.0981062876891067,-9.81
GREE,2024q4,2024-12-31,-3906000.0,64855000.0,-0.0602266594711279,-6.02
GREE,2024q3,2024-09-30,-6367000.0,59880000.0,-0.1063293253173012,-10.63
GREE,2024q2,2024-06-30,-5568000.0,62851000.0,-0.0885904758874162,-8.86
GREE,2024q1,2024-03-31,-3944000.0,74569000.0,-0.0528906113800641,-5.29
GREE,2023q4,2023-12-31,2942000.0,71179000.0,0.0413324154596159,4.13
GREE,2023q3,2023-09-30,-14239000.0,89812000.0,-0.1585422883356344,-15.85
GREE,2023q2,2023-06-30,-10042000.0,94297000.0,-0.1064933136791202,-10.65
GREE,2023q1,2023-03-31,-8171000.0,94994000.0,-0.0860159589026675,-8.6
GREE,2022q4,2022-12-31,-139580000.0,163767000.0,-0.852308462632887,-85.23
GREE,2022q3,2022-09-30,-23177000.0,307347000.0,-0.0754098787364119,-7.54
GREE,2022q2,2022-06-30,-107882000.0,342966000.0,-0.3145559618154569,-31.46
GREE,2022q1,2022-03-31,-429000.0,431354000.0,-0.0009945427653389,-0.1
GREE,2021q4,2021-12-31,-41381000.0,341267000.0,-0.1212569630230875,-12.13
GREE,2021q3,2021-09-30,-7896000.0,258310999.0,-0.0305678040446121,-3.06
GREE,2021q2,2021-06-30,3518000.0,128687000.0,0.0273376487135452,2.73
GREE,2021q1,2021-03-31,1279000.0,107036000.0,0.0119492507193841,1.19
GREE,2020q4,2020-12-31,-824000.0,64566999.0,-0.0127619374101621,-1.28
GREE,2020q1,2020-03-31,364000.0,38854000.0,0.0093684047974468,0.94
HUT,2025q3,2025-09-30,50612000.0,3740525110.0,0.0135307205570396,1.35
HUT,2025q2,2025-06-30,137312000.0,2021365000.0,0.0679303342048566,6.79
HUT,2025q1,2025-03-31,-133889000.0,1571883000.0,-0.0851774591365896,-8.52
HUT,2024q4,2024-12-31,152225000.0,1518860000.0,0.1002231937110727,10.02
HUT,2024q3,2024-09-30,647000.0,1099223000.0,0.0005885975821102,0.06
HUT,2024q2,2024-06-30,-71866000.0,1086977000.0,-0.0661154743844626,-6.61
HUT,2024q1,2024-03-31,250876000.0,999040000.0,0.2511170723894939,25.11
HUT,2023q4,2023-12-31,10582000.0,976871624.0,0.0108325390358559,1.08
HUT,2023q3,2023-09-30,-4374000.0,179082000.0,-0.024424565282943,-2.44
HUT,2023q2,2023-06-30,-1686000.0,557549000.0,-0.0030239494645313,-0.3
HUT,2023q1,2023-03-31,17328000.0,541453000.0,0.0320027777110848,3.2
HUT,2022q4,2022-12-31,-80693000.0,412937000.0,-0.1954123752533679,-19.54
HUT,2022q3,2022-09-30,-560000.0,561918000.0,-0.0009965866905847,-0.1
HUT,2022q2,2022-06-30,-25287000.0,572868000.0,-0.0441410586732022,-4.41
HUT,2022q1,2022-03-31,-4113000.0,753443000.0,-0.0054589398269013,-0.55
HUT,2021q4,2021-12-31,-1843000.0,720708561.0,-0.0025572056441827,-0.26
HUT,2021q3,2021-09-30,-560000.0,651207245.0,-0.0008599412925757,-0.09
HUT,2021q2,2021-06-30,-4040000.0,362658276.0,-0.0111399636168788,-1.11
HUT,2021q1,2021-03-31,19134000.0,339804471.0,0.0563088529815135,5.63
HUT,2020q4,2020-12-31,27330099.0,43164000.0,0.6331688212399221,63.32
HUT,2020q3,2020-09-30,-900338.0,72209794.0,-0.0124683640559894,-1.25
HUT,2020q2,2020-06-30,2840413.0,72007913.0,0.03944584534758,3.94
HUT,2020q1,2020-03-31,-10230020.0,64573519.0,-0.1584243844601376,-15.84
HUT,2019q4,2019-12-31,-13395417.0,71237244.0,-0.1880395176433271,-18.8
HUT,2019q3,2019-09-30,-5188641.0,96202645.0,-0.0539344942127111,-5.39
HUT,2019q2,2019-06-30,30226087.0,106561011.0,0.2836505276775198,28.37
HUT,2019q1,2019-03-31,-9511459.0,76730985.0,-0.1239585155853271,-12.4
HUT,2018q4,2018-12-31,-116569335.0,82895453.0,-1.406221098761593,-140.62
HUT,2018q3,2018-09-30,-11443878.0,184353433.0,-0.0620757520691247,-6.21
HUT,2018q2,2018-06-30,-4936542.0,165724566.0,-0.0297876296746494,-2.98
HUT,2018q1,2018-03-31,-3815784.0,164401032.0,-0.023210219264317,-2.32
HUT,2017q4,2017-12-31,-47448.0,262794.0,-0.180552067398799,-18.06
HUT,2017q3,2017-09-30,-10579.0,284458.0,-0.0371900245378931,-3.72
HUT,2017q2,2017-06-30,-42808.0,291595.0,-0.1468063581337128,-14.68
HUT,2017q1,2017-03-31,-42808.0,297551.0,-0.1438677739278308,-14.39
HUT,2016q4,2016-12-31,-9026.0,305119.0,-0.0295819008321343,-2.96
HUT,2016q3,2016-09-30,-10172.0,326538.0,-0.0311510452076021,-3.12
HUT,2016q2,2016-06-30,-43320.0,335539.0,-0.1291057075332524,-12.91
HUT,2016q1,2016-03-31,-4935.0,346041.0,-0.0142613158556356,-1.43
HUT,2015q4,2015-12-31,-29033.0,373873.0,-0.0776547116266753,-7.77
HUT,2015q3,2015-09-30,-28150.0,391602.0,-0.0718842089672677,-7.19
HUT,2015q2,2015-06-30,-42986.0,410589.0,-0.1046935012871752,-10.47
HUT,2015q1,2015-03-31,-12796.0,448965.0,-0.0285011081041952,-2.85
HUT,2014q4,2014-12-31,-15632.0,467211.0,-0.033458116354281,-3.35
HUT,2014q3,2014-09-30,-10693.0,534871.0,-0.0199917363252073,-2.0
HUT,2014q2,2014-06-30,-78524.0,547813.0,-0.1433408845719251,-14.33
HUT,2014q1,2014-03-31,-16576.0,556118.0,-0.0298066237740911,-2.98
HUT,2013q4,2013-12-31,-15173.0,566594.0,-0.0267793164064568,-2.68
HUT,2013q3,2013-09-30,-114946.0,595453.0,-0.1930395849882358,-19.3
HUT,2013q2,2013-06-30,-27071.0,607981.0,-0.0445260624920844,-4.45
HUT,2013q1,2013-03-31,-26097.0,619970.0,-0.0420939722889817,-4.21
HUT,2012q4,2012-12-31,-115705.0,642249.0,-0.1801559831155829,-18.02
GPUS,2025q3,2025-09-30,-13013000.0,242394000.0,-0.0536853222439499,-5.37
GPUS,2025q2,2025-06-30,-19051000.0,213501000.0,-0.0892314321712778,-8.92
GPUS,2025q1,2025-03-31,-4205000.0,218549000.0,-0.019240536447204,-1.92
GPUS,2024q4,2024-12-31,-445000.0,220766000.0,-0.0020157089406883,-0.2
GPUS,2024q3,2024-09-30,-25549000.0,231493000.0,-0.1103661881784762,-11.04
GPUS,2024q2,2024-06-30,-33927000.0,270779000.0,-0.1252940589927579,-12.53
GPUS,2024q1,2024-03-31,3717000.0,299777000.0,0.0123992167511183,1.24
GPUS,2023q4,2023-12-31,-99926000.0,299190000.0,-0.333988435442361,-33.4
GPUS,2023q3,2023-09-30,-21771000.0,378456000.0,-0.0575258418415879,-5.75
GPUS,2023q2,2023-06-30,-60683000.0,378390000.0,-0.1603715743016464,-16.04
GPUS,2023q1,2023-03-31,-48646000.0,526907000.0,-0.0923236927958823,-9.23
GPUS,2022q4,2022-12-31,-120009000.0,561514000.0,-0.2137239677016067,-21.37
GPUS,2022q3,2022-09-30,-7271000.0,610905000.0,-0.0119020142247976,-1.19
GPUS,2022q2,2022-06-30,-25764000.0,596271000.0,-0.0432085410828297,-4.32
GPUS,2022q1,2022-03-31,-28772000.0,518924000.0,-0.0554454987628246,-5.54
GPUS,2021q4,2021-12-31,-16821000.0,490286000.0,-0.034308546440241,-3.43
GPUS,2021q3,2021-09-30,-47719000.0,225721000.0,-0.2114070024499271,-21.14
GPUS,2021q2,2021-06-30,36323000.0,259101000.0,0.140188575111636,14.02
GPUS,2021q1,2021-03-31,4966000.0,234030409.0,0.0212194646893088,2.12
GPUS,2020q4,2020-12-31,-4772452.0,75643000.0,-0.0630917864177782,-6.31
GPUS,2020q3,2020-09-30,-16735000.0,43644812.0,-0.3834361802268732,-38.34
GPUS,2020q2,2020-06-30,-1376000.0,40494155.0,-0.0339802126998328,-3.4
GPUS,2020q1,2020-03-31,-6531548.0,37765708.0,-0.1729491738907688,-17.29
GPUS,2019q4,2019-12-31,-11835034.0,42750408.0,-0.2768402584602233,-27.68
GPUS,2019q3,2019-09-30,-10340871.0,47425978.0,-0.218042335363121,-21.8
GPUS,2019q2,2019-06-30,-4058897.0,52423397.0,-0.0774252954267729,-7.74
GPUS,2019q1,2019-03-31,-6678610.0,54773791.0,-0.121930760644265,-12.19
GPUS,2018q4,2018-12-31,-11835507.0,49425880.0,-0.2394597121993579,-23.95
GPUS,2018q3,2018-09-30,-7449971.0,53104000.0,-0.1402902041277493,-14.03
GPUS,2018q2,2018-06-30,-6887881.0,53441000.0,-0.128887576954024,-12.89
GPUS,2018q1,2018-03-31,-6060522.0,38493000.0,-0.1574447821681864,-15.74
GPUS,2017q4,2017-12-31,-5916000.0,30508894.0,-0.1939106674925679,-19.39
GPUS,2017q3,2017-09-30,-1967000.0,18260000.0,-0.1077217962760131,-10.77
GPUS,2017q2,2017-06-30,-1739000.0,13981000.0,-0.1243830913382447,-12.44
GPUS,2017q1,2017-03-31,-994000.0,5705000.0,-0.1742331288343558,-17.42
GPUS,2016q4,2016-12-31,-957000.0,5472000.0,-0.1748903508771929,-17.49
GPUS,2016q3,2016-09-30,-38000.0,4455000.0,-0.0085297418630751,-0.85
GPUS,2016q2,2016-06-30,66000.0,4564000.0,0.0144609991235758,1.45
GPUS,2016q1,2016-03-31,-193000.0,4927000.0,-0.0391719098843109,-3.92
GPUS,2015q4,2015-12-31,-225000.0,5099000.0,-0.0441262992743675,-4.41
GPUS,2015q3,2015-09-30,-396000.0,5182000.0,-0.076418371285218,-7.64
GPUS,2015q2,2015-06-30,-271000.0,5711000.0,-0.0474522850639117,-4.75
GPUS,2015q1,2015-03-31,-204000.0,6048000.0,-0.0337301587301587,-3.37
GPUS,2014q4,2014-12-31,-499000.0,6342000.0,-0.0786818038473667,-7.87
GPUS,2014q3,2014-09-30,-150000.0,6880000.0,-0.0218023255813953,-2.18
GPUS,2014q2,2014-06-30,149000.0,6479000.0,0.0229973761382929,2.3
GPUS,2014q1,2014-03-31,-158000.0,6236000.0,-0.0253367543296985,-2.53
GPUS,2013q4,2013-12-31,-361000.0,6977000.0,-0.0517414361473412,-5.17
GPUS,2013q3,2013-09-30,-252000.0,7235000.0,-0.0348306841741534,-3.48
GPUS,2013q2,2013-06-30,-125000.0,6708000.0,-0.0186344663088849,-1.86
GPUS,2013q1,2013-03-31,107000.0,7115000.0,0.0150386507378777,1.5
GPUS,2012q4,2012-12-31,-415000.0,6932000.0,-0.059867282169648,-5.99
GPUS,2012q3,2012-09-30,-467000.0,7502000.0,-0.0622500666488936,-6.23
GPUS,2012q2,2012-06-30,478000.0,7671000.0,0.0623126059183939,6.23
GPUS,2012q1,2012-03-31,75000.0,7057000.0,0.010627745500921,1.06
GPUS,2011q4,2011-12-31,97000.0,7349000.0,0.0131990747040413,1.32
GPUS,2011q3,2011-09-30,449000.0,7554000.0,0.0594387079692877,5.94
GPUS,2011q2,2011-06-30,408000.0,6996000.0,0.0583190394511149,5.83
GPUS,2011q1,2011-03-31,170000.0,7336000.0,0.0231733914940021,2.32
GPUS,2010q4,2010-12-31,213000.0,7179000.0,0.0296698704554951,2.97
GPUS,2010q3,2010-09-30,303000.0,7878000.0,0.0384615384615384,3.85
GPUS,2010q2,2010-06-30,103000.0,6510000.0,0.0158218125960061,1.58
GPUS,2010q1,2010-03-31,-132000.0,5895000.0,-0.0223918575063613,-2.24
GPUS,2009q4,2009-12-31,6000.0,6144000.0,0.0009765625,0.1
GPUS,2009q3,2009-09-30,-205000.0,5553000.0,-0.0369169818116333,-3.69
GPUS,2009q2,2009-06-30,-118000.0,5677000.0,-0.0207856262110269,-2.08
GPUS,2009q1,2009-03-31,169000.0,5681000.0,0.0297482837528604,2.97
GPUS,2008q4,2008-12-31,142000.0,6280000.0,0.0226114649681528,2.26
GPUS,2008q3,2008-09-30,362000.0,6502000.0,0.0556751768686558,5.57
GPUS,2008q2,2008-06-30,215000.0,6157000.0,0.0349196037031021,3.49
GPUS,2008q1,2008-03-31,-161000.0,6220000.0,-0.0258842443729903,-2.59
GPUS,2007q4,2007-12-31,235000.0,6305000.0,0.0372720063441712,3.73
GPUS,2007q3,2007-09-30,41000.0,6031000.0,0.0067982092521969,0.68
GPUS,2007q2,2007-06-30,-196000.0,5197000.0,-0.0377140658071964,-3.77
GPUS,2007q1,2007-03-31,41000.0,5375000.0,0.0076279069767441,0.76
GPUS,2006q4,2006-12-31,2000.0,5704000.0,0.0003506311360448,0.04
GPUS,2006q3,2006-09-30,75000.0,6267000.0,0.0119674485399712,1.2
GPUS,2006q2,2006-06-30,17000.0,6301000.0,0.0026979844469131,0.27
GPUS,2006q1,2006-03-31,37000.0,5501000.0,0.0067260498091256,0.67
GPUS,2005q4,2005-12-31,186000.0,5416000.0,0.0343426883308714,3.43
GPUS,2005q3,2005-09-30,112000.0,5704000.0,0.0196353436185133,1.96
IREN,2025q3,2025-09-30,384611000.0,4267374000.0,0.09012826154914,9.01
IREN,2025q2,2025-06-30,95546000.0,2940323000.0,0.032495069419244,3.25
IREN,2025q1,2025-03-31,24227000.0,1989755000.0,0.0121758708986784,1.22
IREN,2024q4,2024-12-31,18875000.0,1852082000.0,0.0101912334335088,1.02
IREN,2024q3,2024-09-30,-51707000.0,1281211000.0,-0.0403579113822781,-4.04
IREN,2024q2,2024-06-30,-27031000.0,1153033000.0,-0.0234433880036391,-2.34
IREN,2024q1,2024-03-31,8638000.0,723603000.0,0.011937485057414,1.19
IREN,2023q4,2023-12-31,-5228000.0,417167000.0,-0.0125321513926077,-1.25
IREN,2023q3,2023-09-30,-5301000.0,417167000.0,-0.0127071412647692,-1.27
IREN,2023q2,2023-06-30,-6924000.0,332074000.0,-0.0208507742250221,-2.09
IREN,2023q1,2023-03-31,-3053000.0,332074000.0,-0.0091937339267753,-0.92
IREN,2022q4,2022-12-31,-143954000.0,411955000.0,-0.3494410797295821,-34.94
IREN,2022q2,2022-06-30,-17726421.0,570460000.0,-0.0310739070224029,-3.11
IREN,2022q1,2022-03-31,-2673052.0,557331403.0,-0.0047961625446036,-0.48
IREN,2021q4,2021-12-31,70323000.0,494437034.0,0.1422284237713472,14.22
IREN,2021q3,2021-09-30,-489090000.0,250326867.0,-1.9538054618803664,-195.38
IREN,2021q2,2021-06-30,-59215910.0,134468000.0,-0.4403717613112413,-44.04
IREN,2020q4,2020-12-31,-1307632.0,33401696.0,-0.0391486707740828,-3.91
IREN,2020q2,2020-06-30,-753063.0,11573000.0,-0.0650706817592672,-6.51
IREN,2020q1,2020-03-31,-788502.0,11573000.0,-0.0681328955327054,-6.81
IREN,2019q3,2019-09-30,-310812.0,1682640.0,-0.1847168734845243,-18.47
LMFA,2025q3,2025-09-30,-4077226.0,60155799.0,-0.0677777715162589,-6.78
LMFA,2025q2,2025-06-30,100554.0,39033869.0,0.0025760705401762,0.26
LMFA,2025q1,2025-03-31,-5398674.0,39121241.0,-0.137998536396123,-13.8
LMFA,2024q4,2024-12-31,1965808.0,44047225.0,0.0446295538481709,4.46
LMFA,2024q3,2024-09-30,-4698074.0,36535867.0,-0.1285879981991395,-12.86
LMFA,2024q2,2024-06-30,-6072855.0,34137151.0,-0.177895776949869,-17.79
LMFA,2024q1,2024-03-31,1939617.0,40155382.0,0.0483027903955688,4.83
LMFA,2023q4,2023-12-31,-1591767.0,37712797.0,-0.0422076092632429,-4.22
LMFA,2023q3,2023-09-30,-4416976.0,38435734.0,-0.1149184766446765,-11.49
LMFA,2023q2,2023-06-30,-4549179.0,42338213.0,-0.1074485359124628,-10.74
LMFA,2023q1,2023-03-31,-5386332.0,46142456.0,-0.1167326680660431,-11.67
LMFA,2022q4,2022-12-31,-21710019.0,53189618.0,-0.408162717017445,-40.82
LMFA,2022q3,2022-09-30,-6662856.0,67954711.0,-0.0980484781989581,-9.8
LMFA,2022q2,2022-06-30,2844340.0,69979578.0,0.0406452865434541,4.06
LMFA,2022q1,2022-03-31,-5728051.0,59736098.0,-0.0958892728480524,-9.59
LMFA,2021q4,2021-12-31,-5238486.0,62103941.0,-0.0843502991219188,-8.44
LMFA,2021q3,2021-09-30,-5486211.0,32224437.0,-0.1702500186426841,-17.03
LMFA,2021q2,2021-06-30,11107482.0,37426543.0,0.2967808701968547,29.68
LMFA,2021q1,2021-03-31,4376433.0,26439928.0,0.1655236353139842,16.55
LMFA,2020q4,2020-12-31,-300641.0,12317430.0,-0.0244077701273723,-2.44
LMFA,2020q3,2020-09-30,-2751759.0,12942279.0,-0.2126178086564198,-21.26
LMFA,2020q2,2020-06-30,-437968.0,6883954.0,-0.0636215756235442,-6.36
LMFA,2020q1,2020-03-31,-551094.0,3042628.0,-0.1811243438238259,-18.11
LMFA,2019q4,2019-12-31,-1817710.0,7640641.0,-0.2379001971169696,-23.79
LMFA,2019q3,2019-09-30,-279647.0,9608174.0,-0.0291051140414401,-2.91
LMFA,2019q2,2019-06-30,-450503.0,9523755.0,-0.0473030858101662,-4.73
LMFA,2019q1,2019-03-31,-457018.0,6059568.0,-0.075420888089712,-7.54
LMFA,2018q4,2018-12-31,-331677.0,6059568.0,-0.0547360801958159,-5.47
LMFA,2018q3,2018-09-30,-586804.0,2091390.0,-0.2805808577070752,-28.06
LMFA,2018q2,2018-06-30,455240.0,2438478.0,0.1866902223436094,18.67
LMFA,2018q1,2018-03-31,-8918.0,1806159.0,-0.0049375497948962,-0.49
LMFA,2017q4,2017-12-31,-2725895.0,1968317.0,-1.384886174330659,-138.49
LMFA,2017q3,2017-09-30,-4703872.0,4133951.0,-1.1378635112027211,-113.79
LMFA,2017q2,2017-06-30,-794511.0,8969055.0,-0.0885835798754718,-8.86
LMFA,2017q1,2017-03-31,-402901.0,9300635.0,-0.0433197303194889,-4.33
LMFA,2016q4,2016-12-31,-524359.0,10014773.0,-0.0523585507130316,-5.24
LMFA,2016q3,2016-09-30,-914180.0,11075962.0,-0.0825373001460279,-8.25
LMFA,2016q2,2016-06-30,-495583.0,12415416.0,-0.0399167454397017,-3.99
LMFA,2016q1,2016-03-31,-436268.0,13605536.0,-0.0320654768764714,-3.21
LMFA,2015q4,2015-12-31,112413.0,14612386.0,0.0076929941489363,0.77
LMFA,2015q3,2015-09-30,371011.0,5843308.0,0.0634933157725042,6.35
LMFA,2015q2,2015-06-30,880764.0,6000428.0,0.1467835294415665,14.68
LMFA,2015q1,2015-03-31,367589.0,6400347.0,0.0574326673225686,5.74
LMFA,2014q4,2014-12-31,535590.0,6771358.0,0.0790963939581986,7.91
LMFA,2013q4,2013-12-31,1731000.0,6308000.0,0.2744134432466709,27.44
MARA,2025q3,2025-09-30,123134000.0,9153377000.0,0.0134523029041631,1.35
MARA,2025q2,2025-06-30,808235000.0,7721443000.0,0.104674087473028,10.47
MARA,2025q1,2025-03-31,-533199000.0,6444446000.0,-0.0827377558908865,-8.27
MARA,2024q4,2024-12-31,528528000.0,6801317000.0,0.077709655350574,7.77
MARA,2024q3,2024-09-30,-124789000.0,3580149000.0,-0.0348558118670479,-3.49
MARA,2024q2,2024-06-30,-199659000.0,3117155000.0,-0.0640516753257377,-6.41
MARA,2024q1,2024-03-31,337173000.0,2956987000.0,0.1140258648414754,11.4
MARA,2023q4,2023-12-31,223404000.0,1990973000.0,0.1122084528519472,11.22
MARA,2023q3,2023-09-30,-390000.0,1383780000.0,-0.0002818367081472,-0.03
MARA,2023q2,2023-06-30,-8962000.0,1373237000.0,-0.0065261859387709,-0.65
MARA,2023q1,2023-03-31,118699000.0,1303932000.0,0.0910315875367733,9.1
MARA,2022q4,2022-12-31,-406712362.0,1195244000.0,-0.3402755939373048,-34.03
MARA,2022q3,2022-09-30,-72462000.0,1475777433.0,-0.0491008998915895,-4.91
MARA,2022q2,2022-06-30,-212626000.0,1509577557.0,-0.140851325600358,-14.09
MARA,2022q1,2022-03-31,-12851000.0,1538100247.0,-0.0083551121099325,-0.84
MARA,2021q4,2021-12-31,11525939.0,1448244423.0,0.0079585592162159,0.8
MARA,2021q3,2021-09-30,-22172567.0,664340598.0,-0.0333753003606141,-3.34
MARA,2021q2,2021-06-30,-108884620.0,583863856.0,-0.1864897422251121,-18.65
MARA,2021q1,2021-03-31,83356742.0,686685884.0,0.1213899163245359,12.14
MARA,2020q4,2020-12-31,-5234227.0,313251239.0,-0.0167093576922771,-1.67
MARA,2020q3,2020-09-30,-1994417.0,37528664.0,-0.0531438316056228,-5.31
MARA,2020q2,2020-06-30,-2161196.0,10716846.0,-0.2016634371717201,-20.17
MARA,2020q1,2020-03-31,-1057932.0,5668117.0,-0.1866461119274708,-18.66
MARA,2019q4,2019-12-31,-1151916.0,6619962.0,-0.1740064368949549,-17.4
MARA,2019q3,2019-09-30,-754407.0,7680021.0,-0.0982298095278645,-9.82
MARA,2019q2,2019-06-30,-565880.0,4142738.0,-0.1365956524404874,-13.66
MARA,2019q1,2019-03-31,-1044862.0,4662129.0,-0.22411692168964,-22.41
MARA,2018q4,2018-12-31,-4394402.0,5194507.0,-0.845970945847219,-84.6
MARA,2018q3,2018-09-30,-1340457.0,8859423.0,-0.1513029686019055,-15.13
MARA,2018q2,2018-06-30,-4676645.0,10830950.0,-0.4317853004584085,-43.18
MARA,2018q1,2018-03-31,-2402820.0,15058221.0,-0.1595686502409547,-15.96
MARA,2017q4,2017-12-31,-18848644.0,15058221.0,-1.251717849007529,-125.17
MARA,2017q3,2017-09-30,-6677486.0,12691679.0,-0.5261310185988788,-52.61
MARA,2017q2,2017-06-30,-2200792.0,14100530.0,-0.1560786722201222,-15.61
MARA,2017q1,2017-03-31,-3606646.0,18288435.0,-0.1972091105663223,-19.72
MARA,2016q4,2016-12-31,-26403482.0,18288435.0,-1.4437256112947885,-144.37
MARA,2016q3,2016-09-30,-6274410.0,38704269.0,-0.1621115748239554,-16.21
MARA,2016q2,2016-06-30,7906279.0,46935447.0,0.1684500629130047,16.85
MARA,2016q1,2016-03-31,-3893413.0,45622612.0,-0.085339546100517,-8.53
MARA,2015q4,2015-12-31,-3905123.0,47227593.0,-0.0826873179837896,-8.27
MARA,2015q3,2015-09-30,-3750468.0,66583013.0,-0.0563277002799497,-5.63
MARA,2015q2,2015-06-30,-4502696.0,65587946.0,-0.0686512732080373,-6.87
MARA,2015q1,2015-03-31,-4781571.0,63933072.0,-0.0747902587881276,-7.48
MARA,2014q4,2014-12-31,-4805865.0,59486430.0,-0.0807892657199297,-8.08
MARA,2014q3,2014-09-30,3522604.0,53490632.0,0.0658545967450898,6.59
MARA,2014q2,2014-06-30,-318251.0,29004541.0,-0.0109724542787972,-1.1
MARA,2014q1,2014-03-31,-281606.0,14136984.0,-0.0199198075063252,-1.99
MARA,2013q4,2013-12-31,-1098980.0,12955230.0,-0.0848290613134618,-8.48
MARA,2013q3,2013-09-30,-935320.0,11891214.0,-0.0786563928628313,-7.87
MARA,2013q2,2013-06-30,-810499.0,11748829.0,-0.0689855133647787,-6.9
MARA,2013q1,2013-03-31,-605536.0,3721202.0,-0.16272591490599,-16.27
MARA,2012q4,2012-12-31,-488539.0,4016869.0,-0.12162184029402,-12.16
MARA,2012q3,2012-09-30,-1892895.0,3500830.0,-0.540698919970407,-54.07
MARA,2012q2,2012-06-30,-1586499.0,3796118.0,-0.4179266819419207,-41.79
MARA,2012q1,2012-03-31,-2959879.0,10493499.0,-0.2820678784073834,-28.21
MARA,2011q4,2011-12-31,-3172.0,3400.0,-0.9329411764705884,-93.29
MARA,2011q3,2011-09-30,-3172.0,3400.0,-0.9329411764705884,-93.29
MARA,2011q2,2011-06-30,-3588.0,8007.0,-0.4481079055826152,-44.81
MARA,2011q1,2011-03-31,-3597.0,5485.0,-0.655788514129444,-65.58
MIGI,2025q3,2025-09-30,327659.0,52016801.0,0.0062990994005955,0.63
MIGI,2025q2,2025-06-30,-8021433.0,52739764.0,-0.1520945941282558,-15.21
MIGI,2025q1,2025-03-31,-310863.0,57863935.0,-0.0053723100580698,-0.54
MIGI,2024q4,2024-12-31,-4521000.0,61440495.0,-0.0735833915400584,-7.36
MIGI,2024q3,2024-09-30,-12228000.0,60766882.0,-0.2012280307553051,-20.12
MIGI,2024q2,2024-06-30,-9619000.0,65625213.0,-0.1465747623554379,-14.66
MIGI,2024q1,2024-03-31,-19764199.0,67710044.0,-0.2918946412145294,-29.19
MIGI,2023q4,2023-12-31,-12928274.0,84766244.0,-0.1525167730682982,-15.25
MIGI,2023q3,2023-09-30,-19047617.0,87837371.0,-0.2168509460511972,-21.69
MIGI,2023q2,2023-06-30,-17343906.0,104770183.0,-0.1655423852795981,-16.55
MIGI,2023q1,2023-03-31,-11102025.0,116729867.0,-0.0951086922766732,-9.51
MIGI,2022q4,2022-12-31,-17534818.0,133329065.0,-0.1315153451349861,-13.15
MIGI,2022q3,2022-09-30,-20861982.0,180601574.0,-0.1155138437497781,-11.55
MIGI,2022q2,2022-06-30,-2117403.0,191844341.0,-0.0110370886572046,-1.1
MIGI,2022q1,2022-03-31,-11336000.0,165970157.0,-0.068301435661111,-6.83
MIGI,2021q4,2021-12-31,2299759.0,145294372.0,0.0158282731006263,1.58
MIGI,2021q3,2021-09-30,-3097875.0,117782167.0,-0.0263017320779978,-2.63
MIGI,2021q2,2021-06-30,-6348860.0,34736775.0,-0.182770565200713,-18.28
MIGI,2021q1,2021-03-31,-38563208.0,33766362.0,-1.1420598997309808,-114.21
MIGI,2020q4,2020-12-31,2303000.0,9813431.0,0.234678370898007,23.47
MIGI,2020q3,2020-09-30,-3062000.0,6675000.0,-0.4587265917602996,-45.87
MIGI,2020q2,2020-06-30,130000.0,13816000.0,0.0094093804284887,0.94
MIGI,2020q1,2020-03-31,-4300000.0,10648000.0,-0.403831705484598,-40.38
MIGI,2019q4,2019-12-31,-873000.0,1176000.0,-0.7423469387755102,-74.23
MIGI,2019q3,2019-09-30,-872000.0,2091000.0,-0.4170253467240555,-41.7
MIGI,2019q2,2019-06-30,-1853000.0,2599000.0,-0.7129665255867641,-71.3
MIGI,2019q1,2019-03-31,148000.0,3434000.0,0.0430984274898078,4.31
MIGI,2018q3,2018-09-30,-515000.0,286000.0,-1.8006993006993006,-180.07
MIGI,2018q2,2018-06-30,-868000.0,688000.0,-1.2616279069767442,-126.16
MIGI,2018q1,2018-03-31,-105000.0,996000.0,-0.1054216867469879,-10.54
MIGI,2017q4,2017-12-31,-2364000.0,595000.0,-3.973109243697479,-397.31
MIGI,2017q3,2017-09-30,-728000.0,394000.0,-1.847715736040609,-184.77
MIGI,2017q2,2017-06-30,-662000.0,411000.0,-1.610705596107056,-161.07
MIGI,2017q1,2017-03-31,-674000.0,454000.0,-1.4845814977973568,-148.46
MIGI,2016q4,2016-12-31,-377000.0,69000.0,-5.463768115942029,-546.38
MIGI,2016q3,2016-09-30,-244000.0,622000.0,-0.3922829581993569,-39.23
MIGI,2016q2,2016-06-30,-137000.0,638000.0,-0.2147335423197492,-21.47
MIGI,2016q1,2016-03-31,-158000.0,656000.0,-0.2408536585365853,-24.09
MIGI,2015q4,2015-12-31,-596000.0,700000.0,-0.8514285714285714,-85.14
MIGI,2015q3,2015-09-30,-353000.0,1129000.0,-0.312666076173605,-31.27
MIGI,2015q2,2015-06-30,-321000.0,702000.0,-0.4572649572649572,-45.73
MIGI,2015q1,2015-03-31,-207000.0,760000.0,-0.2723684210526316,-27.24
MIGI,2014q4,2014-12-31,-361000.0,1013000.0,-0.3563672260612043,-35.64
MIGI,2014q3,2014-09-30,-292000.0,833000.0,-0.3505402160864346,-35.05
MIGI,2014q2,2014-06-30,-174000.0,999000.0,-0.1741741741741741,-17.42
MIGI,2014q1,2014-03-31,-368000.0,1384000.0,-0.2658959537572254,-26.59
MIGI,2013q4,2013-12-31,-322000.0,1618000.0,-0.1990111248454882,-19.9
MIGI,2013q3,2013-09-30,-635000.0,1764000.0,-0.3599773242630385,-36.0
MIGI,2013q2,2013-06-30,-1138000.0,1630000.0,-0.698159509202454,-69.82
MIGI,2013q1,2013-03-31,-742000.0,1961000.0,-0.3783783783783784,-37.84
MIGI,2012q4,2012-12-31,-1272000.0,2286000.0,-0.5564304461942258,-55.64
MIGI,2012q3,2012-09-30,2160000.0,3394000.0,0.6364172068355922,63.64
MIGI,2012q2,2012-06-30,73000.0,3873000.0,0.018848437903434,1.88
MIGI,2012q1,2012-03-31,-2824000.0,4404000.0,-0.6412352406902816,-64.12
MIGI,2011q4,2011-12-31,-17156.0,1336000.0,-0.0128413173652694,-1.28
MIGI,2008q3,2008-09-30,-7860.0,890.0,-8.831460674157304,-883.15
MIGI,2008q1,2008-03-31,-11652.0,890.0,-13.092134831460674,-1309.21
MIGI,2007q4,2007-12-31,-5856.0,4150.0,-1.4110843373493975,-141.11
MIGI,2007q3,2007-09-30,-4230.0,4150.0,-1.0192771084337349,-101.93
MIGI,2007q2,2007-06-30,-5550.0,4150.0,-1.3373493975903614,-133.73
RIOT,2025q3,2025-09-30,104480000.0,4478816000.0,0.0233275937211977,2.33
RIOT,2025q2,2025-06-30,219454000.0,4285401000.0,0.0512096767607045,5.12
RIOT,2025q1,2025-03-31,-296367000.0,3719017000.0,-0.0796896061513028,-7.97
RIOT,2024q4,2024-12-31,136435000.0,3935307000.0,0.0346694679728925,3.47
RIOT,2024q3,2024-09-30,-154362000.0,2922296000.0,-0.0528221644898394,-5.28
RIOT,2024q2,2024-06-30,-84449000.0,2723587000.0,-0.0310065366004463,-3.1
RIOT,2024q1,2024-03-31,211777000.0,2611243000.0,0.0811019885931719,8.11
RIOT,2023q4,2023-12-31,79228000.0,2051080000.0,0.0386274548042982,3.86
RIOT,2023q3,2023-09-30,-80040000.0,1455384000.0,-0.0549957949242261,-5.5
RIOT,2023q2,2023-06-30,-27387000.0,1358930000.0,-0.0201533559491658,-2.02
RIOT,2023q1,2023-03-31,18513000.0,1250315000.0,0.0148066687194826,1.48
RIOT,2022q4,2022-12-31,-155779000.0,1319964000.0,-0.1180176126015558,-11.8
RIOT,2022q3,2022-09-30,-32435000.0,1453622000.0,-0.0223132286110144,-2.23
RIOT,2022q2,2022-06-30,-353559000.0,1436225000.0,-0.2461724311998468,-24.62
RIOT,2022q1,2022-03-31,35629000.0,1549755000.0,0.0229900855296482,2.3
RIOT,2021q4,2021-12-31,-19450000.0,1521988000.0,-0.0127793386018812,-1.28
RIOT,2021q3,2021-09-30,-15343000.0,954407000.0,-0.0160759508260102,-1.61
RIOT,2021q2,2021-06-30,19337000.0,906369000.0,0.0213345778595693,2.13
RIOT,2021q1,2021-03-31,7530000.0,375905000.0,0.0200316569345978,2.0
RIOT,2020q4,2020-12-31,3910000.0,280147000.0,0.0139569583111723,1.4
RIOT,2020q3,2020-09-30,-1717000.0,62631000.0,-0.0274145391259919,-2.74
RIOT,2020q2,2020-06-30,-10590000.0,29868000.0,-0.3545600642828445,-35.46
RIOT,2020q1,2020-03-31,-4277000.0,37074000.0,-0.1153638668608728,-11.54
RIOT,2019q4,2019-12-31,-3397536.0,30380000.0,-0.1118346280447663,-11.18
RIOT,2019q3,2019-09-30,-1834000.0,32985302.0,-0.0556005217111548,-5.56
RIOT,2019q2,2019-06-30,-1279000.0,30967408.0,-0.0413014870343685,-4.13
RIOT,2019q1,2019-03-31,-13529000.0,13860328.0,-0.97609522660647,-97.61
RIOT,2018q4,2018-12-31,-11410803.0,13860328.0,-0.8232707768531885,-82.33
RIOT,2018q3,2018-09-30,-6229958.0,25703410.0,-0.2423786571509383,-24.24
RIOT,2018q2,2018-06-30,-24016920.0,28394409.0,-0.8458327130527703,-84.58
RIOT,2018q1,2018-03-31,-16350092.0,49583552.0,-0.329748300404134,-32.97
RIOT,2017q4,2017-12-31,-8878253.0,52335540.0,-0.1696409934816761,-16.96
RIOT,2017q3,2017-09-30,-5302073.0,17349745.0,-0.3055994771104705,-30.56
RIOT,2017q2,2017-06-30,-1311771.0,12906664.0,-0.1016351707923906,-10.16
RIOT,2017q1,2017-03-31,-4353776.0,13321896.0,-0.326813540655174,-32.68
RIOT,2016q4,2016-12-31,-2286541.0,17040815.0,-0.1341802607445712,-13.42
RIOT,2016q3,2016-09-30,-1709932.0,19322797.0,-0.0884929857721943,-8.85
RIOT,2016q2,2016-06-30,-835875.0,17589516.0,-0.0475212052452153,-4.75
RIOT,2016q1,2016-03-31,559511.0,18474453.0,0.030285659878536,3.03
RIOT,2015q4,2015-12-31,-2954873.0,20862197.0,-0.1416376712385565,-14.16
RIOT,2015q3,2015-09-30,-1583084.0,23083872.0,-0.0685796559606637,-6.86
RIOT,2015q2,2015-06-30,-2033235.0,24326705.0,-0.0835803698034731,-8.36
RIOT,2015q1,2015-03-31,-2186373.0,26142679.0,-0.0836323239863825,-8.36
RIOT,2014q4,2014-12-31,-2370537.0,28723853.0,-0.082528517326697,-8.25
RIOT,2014q3,2014-09-30,-2533381.0,31050944.0,-0.0815878898883074,-8.16
RIOT,2014q2,2014-06-30,-2591519.0,33210644.0,-0.0780327837063322,-7.8
RIOT,2014q1,2014-03-31,-2947649.0,17124030.0,-0.1721352391931105,-17.21
RIOT,2013q4,2013-12-31,-3129777.0,18639869.0,-0.1679076714541287,-16.79
RIOT,2013q3,2013-09-30,-3072090.0,21781887.0,-0.1410387447148174,-14.1
RIOT,2013q2,2013-06-30,-3144619.0,24100827.0,-0.1304776387963782,-13.05
RIOT,2013q1,2013-03-31,-2802169.0,13594152.0,-0.20613047433926,-20.61
RIOT,2012q4,2012-12-31,-2504098.0,16614791.0,-0.1507149864238436,-15.07
RIOT,2012q3,2012-09-30,-2460087.0,14823696.0,-0.1659563849663403,-16.6
RIOT,2012q2,2012-06-30,-2309759.0,15521909.0,-0.148806374267495,-14.88
RIOT,2012q1,2012-03-31,-1938271.0,6366610.0,-0.3044431809078929,-30.44
RIOT,2011q4,2011-12-31,-1557225.0,8727845.0,-0.1784203317084572,-17.84
RIOT,2011q3,2011-09-30,-3063450.0,9965366.0,-0.307409682695046,-30.74
RIOT,2011q2,2011-06-30,-2787292.0,12025856.0,-0.2317749356054155,-23.18
RIOT,2011q1,2011-03-31,-2805834.0,14606773.0,-0.1920912990158743,-19.21
RIOT,2010q4,2010-12-31,-2991983.0,17159105.0,-0.1743670780031942,-17.44
RIOT,2010q3,2010-09-30,-3052050.0,19437867.0,-0.1570156848999944,-15.7
RIOT,2010q2,2010-06-30,-3422250.0,21891601.0,-0.1563270772201631,-15.63
RIOT,2010q1,2010-03-31,-3871436.0,16182306.0,-0.2392388328338371,-23.92
RIOT,2009q4,2009-12-31,-5186973.0,19378111.0,-0.2676717560344246,-26.77
RIOT,2009q3,2009-09-30,-3830389.0,15708147.0,-0.2438472851062572,-24.38
RIOT,2009q2,2009-06-30,-3779445.0,18448734.0,-0.2048620246787665,-20.49
RIOT,2009q1,2009-03-31,-2720758.0,21836827.0,-0.1245949331374929,-12.46
RIOT,2008q4,2008-12-31,-2445065.0,24186678.0,-0.1010913941964249,-10.11
RIOT,2008q3,2008-09-30,-2736294.0,26291737.0,-0.1040742952814414,-10.41
RIOT,2008q2,2008-06-30,-2750672.0,29090582.0,-0.0945554131574266,-9.46
RIOT,2008q1,2008-03-31,-1636288.0,30274442.0,-0.0540484941060185,-5.4
RIOT,2007q4,2007-12-31,-2106349.0,31661972.0,-0.0665261468868711,-6.65
RIOT,2007q3,2007-09-30,-2142025.0,15874666.0,-0.1349335475782608,-13.49
RIOT,2007q2,2007-06-30,-1083788.0,16576753.0,-0.06537999329543,-6.54
RIOT,2007q1,2007-03-31,-868364.0,12102530.0,-0.0717506174328838,-7.18
RIOT,2006q4,2006-12-31,-895209.0,8748197.0,-0.1023306859687773,-10.23
RIOT,2006q3,2006-09-30,-812191.0,7331431.0,-0.1107820560542682,-11.08
RIOT,2006q2,2006-06-30,-750432.0,7882383.0,-0.0952036966485896,-9.52
RIOT,2006q1,2006-03-31,-650999.0,6538048.0,-0.0995708505046154,-9.96
RIOT,2005q4,2005-12-31,-691042.0,7087638.0,-0.0974996183495827,-9.75
RIOT,2005q3,2005-09-30,-602762.0,7362423.0,-0.0818700582675024,-8.19
SAIH,2022q4,2022-12-31,-4651344.0,21100000.0,-0.2204428436018957,-22.04
SAIH,2022q2,2022-06-30,-4193656.0,26472000.0,-0.1584185554548202,-15.84
SAIH,2022q1,2022-03-31,-632172.0,45002805.0,-0.0140473910459581,-1.4
SAIH,2021q4,2021-12-31,-1344701.0,11533000.0,-0.1165959420792508,-11.66
SAIH,2021q3,2021-09-30,-551845.0,45095606.0,-0.0122372232895595,-1.22
SAIH,2021q2,2021-06-30,-22549.0,13182000.0,-0.0017105901987558,-0.17
SAIH,2021q1,2021-03-31,-4510.0,312758.0,-0.014420094769758,-1.44
SLAI,2025q3,2025-09-30,-2482000.0,76573000.0,-0.0324135139017669,-3.24
SLAI,2024q4,2024-12-31,-2125000.0,86335000.0,-0.0246134244512654,-2.46
SLNH,2025q3,2025-09-30,-23956000.0,152035000.0,-0.1575689808267833,-15.76
SLNH,2025q2,2025-06-30,-7382000.0,91952000.0,-0.080281016182356,-8.03
SLNH,2025q1,2025-03-31,-7556000.0,90049000.0,-0.0839098712922964,-8.39
SLNH,2024q4,2024-12-31,-40017000.0,88040000.0,-0.4545320308950477,-45.45
SLNH,2024q3,2024-09-30,-7190000.0,97349000.0,-0.0738579749149965,-7.39
SLNH,2024q2,2024-06-30,-10873000.0,98675000.0,-0.1101900177349886,-11.02
SLNH,2024q1,2024-03-31,-5254000.0,90637000.0,-0.057967496717676,-5.8
SLNH,2023q3,2023-09-30,-6662000.0,94087000.0,-0.0708068064663556,-7.08
SLNH,2023q2,2023-06-30,-8775000.0,96647000.0,-0.0907943340196798,-9.08
SLNH,2023q1,2023-03-31,-7062000.0,84241000.0,-0.0838309136881091,-8.38
SLNH,2022q4,2022-12-31,-27637000.0,84961000.0,-0.3252904273725592,-32.53
SLNH,2022q3,2022-09-30,-55892000.0,109733000.0,-0.5093454111342987,-50.93
SLNH,2022q2,2022-06-30,-6557000.0,147919000.0,-0.0443283148209493,-4.43
SLNH,2022q1,2022-03-31,-8906000.0,136337000.0,-0.0653234265093114,-6.53
SLNH,2021q4,2021-12-31,-2809000.0,117694000.0,-0.0238669770761466,-2.39
SLNH,2021q3,2021-09-30,-610000.0,46608000.0,-0.0130878819086852,-1.31
SLNH,2021q2,2021-06-30,-1174000.0,25559000.0,-0.0459329394733753,-4.59
SLNH,2021q1,2021-03-31,-666000.0,9381000.0,-0.0709945634793732,-7.1
SLNH,2020q4,2020-12-31,-26000.0,8647000.0,-0.0030068231756678,-0.3
SLNH,2020q3,2020-09-30,1507000.0,8438000.0,0.1785968238919175,17.86
SLNH,2020q2,2020-06-30,602000.0,7257000.0,0.0829543888659225,8.3
SLNH,2020q1,2020-03-31,-137000.0,5604000.0,-0.024446823697359,-2.44
SLNH,2019q4,2019-12-31,-113000.0,5751000.0,-0.0196487567379586,-1.96
SLNH,2019q3,2019-09-30,38000.0,4964000.0,0.007655116841257,0.77
SLNH,2019q2,2019-06-30,311000.0,5037000.0,0.0617431010522136,6.17
SLNH,2019q1,2019-03-31,87000.0,4607000.0,0.0188843064901237,1.89
SLNH,2018q4,2018-12-31,1206000.0,8138000.0,0.148193659375768,14.82
SLNH,2018q3,2018-09-30,356000.0,6780000.0,0.0525073746312684,5.25
SLNH,2018q2,2018-06-30,368000.0,6501000.0,0.056606675896016,5.66
SLNH,2018q1,2018-03-31,5000.0,6152000.0,0.0008127438231469,0.08
SLNH,2017q4,2017-12-31,339000.0,6202000.0,0.0546597871654305,5.47
SLNH,2017q3,2017-09-30,344000.0,5637000.0,0.0610253681036012,6.1
SLNH,2017q2,2017-06-30,313000.0,5367000.0,0.0583193590460219,5.83
SLNH,2017q1,2017-03-31,-413000.0,4950000.0,-0.0834343434343434,-8.34
SLNH,2016q4,2016-12-31,-211000.0,5180000.0,-0.0407335907335907,-4.07
SLNH,2016q3,2016-09-30,329000.0,2694000.0,0.1221232368225686,12.21
SLNH,2016q2,2016-06-30,108000.0,2522000.0,0.042823156225218,4.28
SLNH,2016q1,2016-03-31,-586000.0,2252000.0,-0.2602131438721137,-26.02
SLNH,2015q4,2015-12-31,-1617000.0,2586000.0,-0.6252900232018561,-62.53
SLNH,2015q3,2015-09-30,-610000.0,4345000.0,-0.1403912543153049,-14.04
SLNH,2015q2,2015-06-30,-218000.0,4903000.0,-0.0444625739343259,-4.45
SLNH,2015q1,2015-03-31,-388000.0,4999000.0,-0.0776155231046209,-7.76
SLNH,2014q4,2014-12-31,1047000.0,5479000.0,0.1910932651943785,19.11
SLNH,2014q3,2014-09-30,-53000.0,4460000.0,-0.0118834080717488,-1.19
SLNH,2014q2,2014-06-30,178000.0,4654000.0,0.0382466695315857,3.82
SLNH,2014q1,2014-03-31,-432000.0,4002000.0,-0.1079460269865067,-10.79
SLNH,2013q4,2013-12-31,3304000.0,4534000.0,0.7287163652404058,72.87
SLNH,2013q3,2013-09-30,164000.0,4634000.0,0.0353905912818299,3.54
SLNH,2013q2,2013-06-30,100000.0,4359000.0,0.0229410415232851,2.29
SLNH,2013q1,2013-03-31,86000.0,4512000.0,0.0190602836879432,1.91
SLNH,2012q4,2012-12-31,454000.0,4845000.0,0.0937048503611971,9.37
SLNH,2012q3,2012-09-30,-1149000.0,4214000.0,-0.2726625533934504,-27.27
SLNH,2012q2,2012-06-30,-570000.0,5114000.0,-0.1114587407117716,-11.15
SLNH,2012q1,2012-03-31,-822000.0,5491000.0,-0.1496995082862866,-14.97
SLNH,2011q4,2011-12-31,2390000.0,6402000.0,0.373320837238363,37.33
SLNH,2011q3,2011-09-30,-101000.0,4152000.0,-0.0243256262042389,-2.43
SLNH,2011q2,2011-06-30,-97000.0,4094000.0,-0.0236932095749877,-2.37
SLNH,2011q1,2011-03-31,194000.0,4020000.0,0.0482587064676616,4.83
SLNH,2010q4,2010-12-31,279000.0,3601000.0,0.0774784782004998,7.75
SLNH,2010q3,2010-09-30,-366000.0,3274000.0,-0.1117898594990837,-11.18
SLNH,2010q2,2010-06-30,-437000.0,3366000.0,-0.129827688651218,-12.98
SLNH,2010q1,2010-03-31,-1234000.0,3712000.0,-0.3324353448275862,-33.24
SLNH,2009q4,2009-12-31,-527000.0,3741000.0,-0.1408714247527399,-14.09
SLNH,2009q3,2009-09-30,-884000.0,4329000.0,-0.2042042042042042,-20.42
SLNH,2009q2,2009-06-30,-946000.0,4993000.0,-0.1894652513518926,-18.95
SLNH,2009q1,2009-03-31,-1279000.0,4510000.0,-0.2835920177383592,-28.36
SLNH,2008q4,2008-12-31,-2023000.0,5511000.0,-0.3670840137906006,-36.71
SLNH,2008q3,2008-09-30,-4016000.0,7885000.0,-0.5093214965123652,-50.93
SLNH,2008q2,2008-06-30,-3278000.0,9910000.0,-0.3307769929364278,-33.08
SLNH,2008q1,2008-03-31,-3187000.0,14812000.0,-0.215163381042398,-21.52
SLNH,2007q4,2007-12-31,-1451000.0,18716000.0,-0.0775272494122675,-7.75
SLNH,2007q3,2007-09-30,-2481000.0,19772000.0,-0.1254804774428484,-12.55
SLNH,2007q2,2007-06-30,-2487000.0,22999000.0,-0.1081351363102743,-10.81
SLNH,2007q1,2007-03-31,-3156000.0,26310000.0,-0.1199543899657924,-12.0
SLNH,2006q4,2006-12-31,-3336000.0,33811000.0,-0.0986661145780958,-9.87
SLNH,2006q3,2006-09-30,-3678000.0,27206000.0,-0.1351907667426303,-13.52
SLNH,2006q2,2006-06-30,-3222000.0,32712000.0,-0.0984959647835656,-9.85
SLNH,2006q1,2006-03-31,-3431000.0,37197000.0,-0.0922386213941984,-9.22
SLNH,2005q4,2005-12-31,-4338000.0,41267000.0,-0.1051203140523905,-10.51
SLNH,2005q3,2005-09-30,-1909000.0,52696000.0,-0.0362266585699104,-3.62
SOS,2025q2,2025-06-30,-14216000.0,492117000.0,-0.0288874393690931,-2.89
SOS,2025q1,2025-03-31,-7108000.0,492117000.0,-0.0144437196845465,-1.44
SOS,2024q4,2024-12-31,-2703000.0,482354000.0,-0.0056037681868503,-0.56
SOS,2024q3,2024-09-30,-1351500.0,482354000.0,-0.0028018840934251,-0.28
SOS,2024q2,2024-06-30,-10902000.0,524985000.0,-0.0207663076087888,-2.08
SOS,2024q1,2024-03-31,-5451000.0,524985000.0,-0.0103831538043944,-1.04
SOS,2023q4,2023-12-31,3523000.0,483892000.0,0.0072805502054177,0.73
SOS,2023q3,2023-09-30,3523000.0,483892000.0,0.0072805502054177,0.73
SOS,2023q2,2023-06-30,-5348500.0,429324000.0,-0.0124579571605593,-1.25
SOS,2023q1,2023-03-31,-5348500.0,454734000.0,-0.0117618211965676,-1.18
SOS,2022q4,2022-12-31,-103966000.0,454734000.0,-0.2286303641249609,-22.86
SOS,2022q3,2022-09-30,-103966000.0,454734000.0,-0.2286303641249609,-22.86
SOS,2022q2,2022-06-30,-10627000.0,713041000.0,-0.014903771311888,-1.49
SOS,2022q1,2022-03-31,-10627000.0,695300000.0,-0.0152840500503379,-1.53
SOS,2021q4,2021-12-31,-14420000.0,695300000.0,-0.0207392492449302,-2.07
SOS,2021q3,2021-09-30,-14420000.0,695300000.0,-0.0207392492449302,-2.07
SOS,2021q2,2021-06-30,-10205500.0,559695000.0,-0.0182340381815095,-1.82
SOS,2021q1,2021-03-31,-10205500.0,69762000.0,-0.1462902439723631,-14.63
SOS,2020q4,2020-12-31,6554500.0,69762000.0,0.0939551618359565,9.4
SOS,2020q2,2020-06-30,-4111500.0,72713000.0,-0.0565442218035289,-5.65
SOS,2020q1,2020-03-31,-4111500.0,69163000.0,-0.0594465248760175,-5.94
SOS,2019q4,2019-12-31,-2263000.0,69163000.0,-0.0327198068331333,-3.27
SOS,2019q3,2019-09-30,-2263000.0,71925000.0,-0.0314633298574904,-3.15
SOS,2019q2,2019-06-30,-102000.0,111518000.0,-0.000914650549687,-0.09
SOS,2018q4,2018-12-31,-25788000.0,96136000.0,-0.2682449862694516,-26.82
SOS,2018q3,2018-09-30,-11027000.0,91105000.0,-0.1210361670599857,-12.1
SOS,2018q2,2018-06-30,-40741000.0,103804000.0,-0.392480058571924,-39.25
SOS,2018q1,2018-03-31,-30189000.0,137528000.0,-0.2195116630795183,-21.95
SOS,2017q4,2017-12-31,-8278000.0,137528000.0,-0.0601913792100517,-6.02
SOS,2017q3,2017-09-30,-4360000.0,119755000.0,-0.0364076656507035,-3.64
SOS,2017q2,2017-06-30,-28371000.0,117685000.0,-0.241075753069635,-24.11
SOS,2017q1,2017-03-31,-14853000.0,64145000.0,-0.2315535115753371,-23.16
SOS,2016q4,2016-12-31,-17203000.0,58468000.0,-0.2942293220223028,-29.42
ANY,2025q3,2025-09-30,-4248000.0,31115000.0,-0.1365257914189298,-13.65
ANY,2025q2,2025-06-30,1667000.0,34418000.0,0.0484339589749549,4.84
ANY,2025q1,2025-03-31,-8785000.0,34275000.0,-0.2563092633114515,-25.63
ANY,2024q4,2024-12-31,-7221000.0,43228000.0,-0.1670445081891366,-16.7
ANY,2024q3,2024-09-30,104000.0,44255000.0,0.0023500169472376,0.24
ANY,2024q2,2024-06-30,2124000.0,44026000.0,0.0482442193249443,4.82
ANY,2024q1,2024-03-31,-4477000.0,41950000.0,-0.1067222884386174,-10.67
ANY,2023q4,2023-12-31,-8767000.0,49854000.0,-0.1758534921972158,-17.59
ANY,2023q3,2023-09-30,-6307000.0,59096000.0,-0.1067246514146473,-10.67
ANY,2023q2,2023-06-30,-4827000.0,71278000.0,-0.0677207553522826,-6.77
ANY,2023q1,2023-03-31,-3505000.0,74902000.0,-0.0467944781180742,-4.68
ANY,2022q4,2022-12-31,-116944000.0,83016000.0,-1.4086923002794642,-140.87
ANY,2022q3,2022-09-30,-20523000.0,210539000.0,-0.0974783769277901,-9.75
ANY,2022q2,2022-06-30,-40687000.0,230485000.0,-0.1765277566869861,-17.65
ANY,2022q1,2022-03-31,-14647000.0,264834999.0,-0.0553061342167996,-5.53
ANY,2021q4,2021-12-31,-9636000.0,275924000.0,-0.0349226598628607,-3.49
ANY,2021q3,2021-09-30,-2400000.0,223851000.0,-0.0107214173713764,-1.07
ANY,2021q2,2021-06-30,-2881000.0,15796000.0,-0.1823879463155229,-18.24
ANY,2021q1,2021-03-31,-2372000.0,11284000.0,-0.2102091456930166,-21.02
ANY,2020q4,2020-12-31,-1540000.0,11833000.0,-0.1301445111129891,-13.01
ANY,2020q3,2020-09-30,-1190000.0,15024000.0,-0.0792066027689031,-7.92
ANY,2020q2,2020-06-30,-1946000.0,9675000.0,-0.2011369509043927,-20.11
ANY,2020q1,2020-03-31,-1103000.0,8406000.0,-0.1312157982393528,-13.12
ANY,2019q4,2019-12-31,-1657000.0,8406000.0,-0.1971211039733523,-19.71
ANY,2019q3,2019-09-30,885000.0,9157000.0,0.0966473735939718,9.66
ANY,2019q2,2019-06-30,-1665000.0,9912000.0,-0.1679782082324455,-16.8
ANY,2019q1,2019-03-31,-1844000.0,11286000.0,-0.1633882686514265,-16.34
ANY,2018q4,2018-12-31,-26208000.0,11286000.0,-2.322169059011164,-232.22
ANY,2018q3,2018-09-30,-4852000.0,72520000.0,-0.0669056811913954,-6.69
ANY,2018q2,2018-06-30,-6002000.0,75779000.0,-0.0792040011084865,-7.92
ANY,2018q1,2018-03-31,-6823000.0,78587000.0,-0.086820975479405,-8.68
ANY,2017q4,2017-12-31,-7381000.0,83280000.0,-0.0886287223823246,-8.86
ANY,2017q3,2017-09-30,-3481000.0,87832000.0,-0.0396324801894525,-3.96
ANY,2017q2,2017-06-30,-7513000.0,87758000.0,-0.0856104286788668,-8.56
ANY,2017q1,2017-03-31,-7809000.0,96302000.0,-0.081088658594837,-8.11
ANY,2016q4,2016-12-31,-7484000.0,92556000.0,-0.0808591555382687,-8.09
ANY,2016q3,2016-09-30,-43292000.0,92120000.0,-0.4699522362136344,-47.0
ANY,2016q2,2016-06-30,-9615000.0,131074000.0,-0.0733555091017287,-7.34
ANY,2016q1,2016-03-31,-8069000.0,133952000.0,-0.0602379956999522,-6.02
ANY,2015q4,2015-12-31,-18599000.0,139111000.0,-0.1336989885774669,-13.37
ANY,2015q3,2015-09-30,-10230000.0,143971000.0,-0.0710559765508331,-7.11
ANY,2015q2,2015-06-30,-8856000.0,138501000.0,-0.0639417765936708,-6.39
ANY,2015q1,2015-03-31,-9542000.0,145712000.0,-0.0654853409465246,-6.55
ANY,2014q4,2014-12-31,-5438000.0,149263000.0,-0.036432337551838,-3.64
ANY,2014q3,2014-09-30,-3456000.0,30983000.0,-0.1115450408288416,-11.15
ANY,2014q2,2014-06-30,-3051000.0,33375000.0,-0.0914157303370786,-9.14
ANY,2014q1,2014-03-31,-778000.0,24646000.0,-0.031566988557981,-3.16
ANY,2013q4,2013-12-31,-606313.15,8355036.0,-0.0725685861796406,-7.26
ANY,2013q3,2013-09-30,-454315.71,3776511.0,-0.1203003804305084,-12.03
ANY,2013q2,2013-06-30,-536503.0,1807018.0,-0.2968996435010608,-29.69
ANY,2013q1,2013-03-31,-634219.86,2511340.0,-0.2525424116208876,-25.25
ANY,2012q4,2012-12-31,-1058150.0,3221187.0,-0.3284969174406826,-32.85
ANY,2012q3,2012-09-30,-54099.89,205567.0,-0.2631740016636911,-26.32
ANY,2012q2,2012-06-30,20540.0,214263.0,0.0958634948637889,9.59
ANY,2012q1,2012-03-31,-16970.86,222793.0,-0.0761732190867756,-7.62
ANY,2011q4,2011-12-31,-49544.56,237692.0,-0.2084401662655874,-20.84
ANY,2011q3,2011-09-30,-25315.05,273823.0,-0.0924504150491375,-9.25
ANY,2011q2,2011-06-30,-9096.35,303126.0,-0.0300084783225457,-3.0
ANY,2011q1,2011-03-31,-22990.81,312949.0,-0.0734650374342145,-7.35
ANY,2010q4,2010-12-31,-30784.07,333587.0,-0.0922819834106245,-9.23
ANY,2010q3,2010-09-30,-78686.24,350214.0,-0.2246804525233143,-22.47
ANY,2010q2,2010-06-30,-8488.76,115515.0,-0.0734862139116132,-7.35
ANY,2009q3,2009-09-30,13091.0,118311.0,0.1106490520746169,11.06
WULF,2025q3,2025-09-30,-455050000.0,2454445000.0,-0.1853983283389931,-18.54
WULF,2025q2,2025-06-30,-18370000.0,869408000.0,-0.0211293201810887,-2.11
WULF,2025q1,2025-03-31,-61418000.0,841162000.0,-0.0730156616680259,-7.3
WULF,2024q4,2024-12-31,-29196000.0,787511000.0,-0.0370737678584807,-3.71
WULF,2024q3,2024-09-30,-22733000.0,405905000.0,-0.0560057156231137,-5.6
WULF,2024q2,2024-06-30,-10876000.0,479568000.0,-0.0226787442031161,-2.27
WULF,2024q1,2024-03-31,-9613000.0,395388000.0,-0.0243128268940888,-2.43
WULF,2023q4,2023-12-31,-10525000.0,378106000.0,-0.0278361094507889,-2.78
WULF,2023q3,2023-09-30,-19099000.0,311793000.0,-0.0612553841811714,-6.13
WULF,2023q2,2023-06-30,-17540000.0,299822000.0,-0.0585013774839738,-5.85
WULF,2023q1,2023-03-31,-26257000.0,316781000.0,-0.0828869155662744,-8.29
WULF,2022q4,2022-12-31,-23942000.0,317687000.0,-0.0753634867023202,-7.54
WULF,2022q3,2022-09-30,-33988000.0,309866000.0,-0.1096861223883872,-10.97
WULF,2022q2,2022-06-30,-13669000.0,319136000.0,-0.0428312694274541,-4.28
WULF,2022q1,2022-03-31,-18183000.0,272838000.0,-0.0666439425593209,-6.66
WULF,2021q4,2021-12-31,-44699000.0,264911000.0,-0.1687321402282276,-16.87
WULF,2021q3,2021-09-30,-851736.0,12380206.0,-0.0687982090120309,-6.88
WULF,2021q2,2021-06-30,-4407000.0,78824000.0,-0.0559093677052674,-5.59
WULF,2021q1,2021-03-31,-321639.0,15635977.0,-0.0205704446866351,-2.06
WULF,2020q4,2020-12-31,1463185.0,15435399.0,0.0947941157854098,9.48
WULF,2020q3,2020-09-30,-273996.0,15274076.0,-0.0179386301338293,-1.79
WULF,2020q2,2020-06-30,-1041503.0,15448604.0,-0.0674172889666924,-6.74
WULF,2020q1,2020-03-31,-587006.0,15643952.0,-0.0375228714585675,-3.75
WULF,2019q4,2019-12-31,-80072.0,16879541.0,-0.004743730886995,-0.47
WULF,2019q3,2019-09-30,-162744.0,17162234.0,-0.0094826815669801,-0.95
WULF,2019q2,2019-06-30,-115711.0,16699939.0,-0.0069288277041011,-0.69
WULF,2019q1,2019-03-31,-455031.0,16999264.0,-0.0267676882952109,-2.68
WULF,2018q4,2018-12-31,149619.0,17419218.0,0.0085893063626622,0.86
WULF,2018q3,2018-09-30,-24752.0,17306077.0,-0.0014302490391092,-0.14
WULF,2018q2,2018-06-30,145336.0,17405304.0,0.00835009833784,0.84
WULF,2018q1,2018-03-31,-130738.0,16985529.0,-0.0076970225655026,-0.77
WULF,2017q4,2017-12-31,368769.0,16924230.0,0.0217894108033275,2.18
WULF,2017q3,2017-09-30,-110953.0,9335835.0,-0.0118846359216931,-1.19
WULF,2017q2,2017-06-30,-105066.0,9685379.0,-0.0108478976403504,-1.08
WULF,2017q1,2017-03-31,-378897.0,9567537.0,-0.0396023553397285,-3.96
WULF,2016q4,2016-12-31,6260.0,1986172.0,0.0031517914863365,0.32
WULF,2016q3,2016-09-30,82266.0,9528000.0,0.0086341309823677,0.86
WULF,2016q2,2016-06-30,39225.0,9231170.0,0.0042491905143118,0.42
WULF,2016q1,2016-03-31,-192812.0,6694198.0,-0.02880285285855,-2.88
WULF,2015q4,2015-12-31,219474.0,15015317.0,0.0146166744265206,1.46
WULF,2015q3,2015-09-30,116756.0,15301065.0,0.007630579962898,0.76
WULF,2015q2,2015-06-30,27724.0,9165723.0,0.0030247477476681,0.3
WULF,2015q1,2015-03-31,-228947.0,9695138.0,-0.0236146200291321,-2.36
WULF,2014q4,2014-12-31,106452.0,545000.0,0.1953247706422018,19.53
WULF,2014q3,2014-09-30,138971.0,9645611.0,0.0144076927837956,1.44
WULF,2014q2,2014-06-30,198432.0,8877525.0,0.0223521758598257,2.24
WULF,2014q1,2014-03-31,204915.0,9300229.0,0.0220333284266441,2.2
WULF,2013q4,2013-12-31,360649.0,527000.0,0.6843434535104365,68.43
WULF,2013q3,2013-09-30,116162.0,8256273.0,0.0140695444542592,1.41
WULF,2013q2,2013-06-30,293112.0,7732842.0,0.0379048220563668,3.79
WULF,2013q1,2013-03-31,-87750.0,7947467.0,-0.0110412537730575,-1.1
WULF,2012q4,2012-12-31,298577.0,366000.0,0.8157841530054645,81.58
WULF,2012q3,2012-09-30,228112.0,9490857.0,0.0240349211878337,2.4
WULF,2012q2,2012-06-30,243083.0,8975218.0,0.0270837989673342,2.71
WULF,2012q1,2012-03-31,-62406.0,9094923.0,-0.0068616303843364,-0.69
WULF,2011q4,2011-12-31,446238.0,338000.0,1.320230769230769,132.02
WULF,2011q3,2011-09-30,214677.0,8843826.0,0.0242742224914872,2.43
WULF,2011q1,2011-03-31,37342.0,8470042.0,0.0044087148564316,0.44
WULF,2010q1,2010-03-31,148341.0,7049914.0,0.0210415332726044,2.1
WULF,2001q1,2001-03-31,88402.0,4732924.0,0.0186780941337743,1.87
WULF,2000q4,2000-12-31,-65110.0,4530381.0,-0.0143718596736124,-1.44
WULF,2000q2,2000-06-30,247751.0,4659627.0,0.0531697065022586,5.32
WULF,1999q3,1999-09-30,192850.0,4427261.0,0.043559663638534,4.36
NCTY,2025q1,2025-03-31,-73650000.0,636644000.0,-0.1156847468915123,-11.57
NCTY,2024q2,2024-06-30,226000.0,667752000.0,0.0003384490050198,0.03
NCTY,2024q1,2024-03-31,289812614.0,363725025.0,0.796790416056745,79.68
NCTY,2023q2,2023-06-30,-268397000.0,352745000.0,-0.7608810897390467,-76.09
NCTY,2023q1,2023-03-31,-395190533.0,599106683.0,-0.659632990607117,-65.96
NCTY,2022q2,2022-06-30,-579668517.0,776838247.0,-0.7461894663896486,-74.62
NCTY,2022q1,2022-03-31,-285462057.0,1310318375.0,-0.2178570204359684,-21.79
NCTY,2021q2,2021-06-30,-125772698.0,1307556141.0,-0.0961891379316308,-9.62
NCTY,2020q4,2020-12-31,34735173.0,48441307.0,0.7170568911363189,71.71
NCTY,2020q2,2020-06-30,361958093.0,94896688.0,3.814233147947165,381.42
NCTY,2020q1,2020-03-31,-139639278.0,181459156.0,-0.7695355862891813,-76.95
NCTY,2019q4,2019-12-31,-160633680.0,181459156.0,-0.8852332587725692,-88.52
NCTY,2019q2,2019-06-30,-50983488.0,195287583.0,-0.2610687644180633,-26.11
NCTY,2019q1,2019-03-31,-160103168.0,164687440.0,-0.9721638031412716,-97.22
NCTY,2018q4,2018-12-31,-205930670.0,164687440.0,-1.2504333663817957,-125.04
NCTY,2018q3,2018-09-30,-2.35,4.84,-0.4855371900826447,-48.55
NCTY,2018q2,2018-06-30,-97908531.0,248925103.0,-0.3933252605704455,-39.33
NCTY,2018q1,2018-03-31,-25753051.0,323109178.0,-0.0797038671553922,-7.97
NCTY,2017q4,2017-12-31,-25753050.0,323109178.0,-0.0797038640604631,-7.97
NCTY,2017q3,2017-09-30,-1935330.21,48563017.1,-0.0398519351879395,-3.99
NCTY,2017q2,2017-06-30,-149539032.0,301217049.0,-0.4964494290626955,-49.64
NCTY,2017q1,2017-03-31,-236615781.0,350891994.0,-0.6743265308013838,-67.43
NCTY,2016q4,2016-12-31,-558363886.0,350891994.0,-1.5912699507187955,-159.13
NCTY,2016q3,2016-09-30,-118307891.0,350891994.0,-0.3371632668256318,-33.72
NCTY,2016q2,2016-06-30,-440055996.0,396397533.0,-1.1101380794920337,-111.01
NCTY,2016q1,2016-03-31,-233858801.0,538094921.0,-0.4346051075252576,-43.46
NCTY,2015q4,2015-12-31,-384634060.0,538094921.0,-0.714807081407111,-71.48
NCTY,2015q2,2015-06-30,-150775259.0,407424896.0,-0.3700688408594452,-37.01
NCTY,2014q4,2014-12-31,34213553.0,517330710.0,0.0661347805932495,6.61
NCTY,2014q2,2014-06-30,-141912767.0,373615863.0,-0.3798360322832438,-37.98
NCTY,2013q4,2013-12-31,-245710254.0,546679148.0,-0.4494597148966069,-44.95
NCTY,2013q3,2013-09-30,-121500000.0,682900000.0,-0.1779177039097964,-17.79
NCTY,2013q2,2013-06-30,-280551318.0,807695187.0,-0.347348012611099,-34.73
NCTY,2013q1,2013-03-31,-331000000.0,1112300000.0,-0.2975815877011598,-29.76
NCTY,2012q4,2012-12-31,-115900000.0,1112300000.0,-0.1041985075968713,-10.42
NCTY,2012q3,2012-09-30,-165500000.0,1223800000.0,-0.1352345154436999,-13.52
NCTY,2012q2,2012-06-30,-222800000.0,1402683164.0,-0.158838436019041,-15.88
NCTY,2012q1,2012-03-31,-111400000.0,1525800000.0,-0.0730108795386027,-7.3
NCTY,2011q4,2011-12-31,-142164965.0,1628900000.0,-0.0872766683037632,-8.73
NCTY,2011q3,2011-09-30,-93674710.0,1666709475.0,-0.0562033824161226,-5.62
NCTY,2011q2,2011-06-30,-142164965.0,1783110039.0,-0.0797286549290747,-7.97
NCTY,2011q1,2011-03-31,-249805797.0,1857339384.0,-0.1344965810513389,-13.45
NCTY,2010q4,2010-12-31,-289454115.0,1857339384.0,-0.1558434163909378,-15.58
NCTY,2010q3,2010-09-30,-68536684.0,324560000.0,-0.2111679935913236,-21.12
NCTY,2010q2,2010-06-30,-249805797.0,2478443602.0,-0.1007913986012904,-10.08
NCTY,2010q1,2010-03-31,199631214.0,2324957507.0,0.0858644570487627,8.59
NCTY,2009q4,2009-12-31,-205523164.0,2324957507.0,-0.0883986754085652,-8.84
NCTY,2009q3,2009-09-30,-604783621.0,2517754902.0,-0.2402075041218607,-24.02
NCTY,2009q2,2009-06-30,-604783621.0,2638760402.0,-0.2291923209631368,-22.92
NCTY,2009q1,2009-03-31,-46800000.0,2905500000.0,-0.0161073825503355,-1.61
NCTY,2008q4,2008-12-31,553943588.7,3263008574.0,0.169764674574833,16.98
NCTY,2008q3,2008-09-30,99200068.0,3566294566.0,0.0278160051459978,2.78
NCTY,2008q2,2008-06-30,553943588.7,3379969945.0,0.1638900930227058,16.39
NCTY,2008q1,2008-03-31,76404882.0,3250765004.0,0.0235036620321633,2.35
NCTY,2007q4,2007-12-31,89054628.78,3250765004.96,0.0273949758423389,2.74
NCTY,2007q3,2007-09-30,38202441.0,3205370309.0,0.0119182613293495,1.19
NCTY,2007q2,2007-06-30,132128936.0,3185633034.0,0.0414765086216142,4.15
NCTY,2007q1,2007-03-31,156106383.0,1623211033.0,0.0961713417580004,9.62
NCTY,2006q4,2006-12-31,106759080.58,1623211033.25,0.0657703024395087,6.58
NCTY,2006q3,2006-09-30,64279694.0,1489907516.0,0.0431434121310923,4.31
NCTY,2006q2,2006-06-30,156106383.0,1359905175.0,0.1147921089424488,11.48
NCTY,2006q1,2006-03-31,36250661.0,1214230889.0,0.0298548334821681,2.99
NCTY,2005q4,2005-12-31,57335508.31,1214230889.97,0.0472196093705181,4.72
NCTY,2005q3,2005-09-30,37663147.0,1245838524.0,0.0302311626061099,3.02
NCTY,2005q2,2005-06-30,36250661.0,1027174871.0,0.0352916158907863,3.53
NCTY,2005q1,2005-03-31,12242105.0,1026799879.0,0.0119225812647373,1.19
NCTY,2004q4,2004-12-31,5489092.26,1026799879.96,0.0053458247971492,0.53
NCTY,2004q2,2004-06-30,12242105.0,191359950.0,0.0639742276270452,6.4
DGXX,2025q3,2025-09-30,302791.0,51272065.0,0.0059055745072877,0.59
DGXX,2025q2,2025-06-30,-10385750.0,37294717.0,-0.2784777801102499,-27.85
DGXX,2025q1,2025-03-31,-1688532.0,33016389.0,-0.0511422372688909,-5.11
DGXX,2024q4,2024-12-31,-464075.0,34318088.0,-0.0135227521999477,-1.35
DGXX,2024q3,2024-09-30,-6412344.0,38615766.0,-0.1660550770894976,-16.61
DGXX,2024q2,2024-06-30,-4765447.0,41154530.0,-0.1157939842831396,-11.58
DGXX,2024q1,2024-03-31,4844148.0,41193743.0,0.1175942666826852,11.76
DGXX,2023q4,2023-12-31,-9685061.0,41931708.0,-0.2309722513568967,-23.1
DGXX,2023q3,2023-09-30,136060.0,47117577.0,0.0028876697118784,0.29
DGXX,2023q2,2023-06-30,-3308936.0,50730611.0,-0.0652256287628784,-6.52
DGXX,2023q1,2023-03-31,-9093039.0,51982363.0,-0.1749254646234531,-17.49
DGXX,2022q4,2022-12-31,-9741906.0,52599561.0,-0.1852088841577974,-18.52
DGXX,2022q3,2022-09-30,-1676808.0,60569885.0,-0.0276838564246902,-2.77
DGXX,2022q2,2022-06-30,3577254.0,69446757.0,0.0515107422510744,5.15
DGXX,2022q1,2022-03-31,12015167.0,97224672.0,0.1235814608868004,12.36
DGXX,2021q4,2021-12-31,-231694.0,79918549.0,-0.0028991267096203,-0.29
DGXX,2021q3,2021-09-30,-5065936.0,74370700.0,-0.0681173634240366,-6.81
DGXX,2021q2,2021-06-30,9769010.0,68385984.0,0.1428510555613267,14.29
DGXX,2021q1,2021-03-31,72957.0,43540746.0,0.0016756028938962,0.17
DGXX,2020q4,2020-12-31,-1215908.0,16519601.0,-0.0736039568994432,-7.36
DGXX,2020q3,2020-09-30,-1823574.0,13152482.0,-0.1386486596218113,-13.86
DGXX,2020q2,2020-06-30,-1523760.0,14802421.0,-0.1029399177337274,-10.29
DGXX,2020q1,2020-03-31,-628810.0,14692061.0,-0.0427993050124145,-4.28
DGXX,2019q4,2019-12-31,-80692.0,3897511.0,-0.0207034694706442,-2.07
DGXX,2019q2,2019-06-30,-120399.0,1500561.0,-0.0802359917390895,-8.02
OLB,2025q3,2025-09-30,-1175020.0,12248123.0,-0.0959346995453915,-9.59
OLB,2025q2,2025-06-30,-2124314.0,12386068.0,-0.1715083430835354,-17.15
OLB,2025q1,2025-03-31,-1088998.0,12504191.0,-0.0870906402501369,-8.71
OLB,2024q4,2024-12-31,-4546023.0,12679529.0,-0.3585324817664757,-35.85
OLB,2024q3,2024-09-30,-1630258.0,15878853.0,-0.1026684987889238,-10.27
OLB,2024q2,2024-06-30,-2648012.0,16593801.0,-0.1595783871338459,-15.96
OLB,2024q1,2024-03-31,-2371596.0,18280541.0,-0.129733359641818,-12.97
OLB,2023q4,2023-12-31,-18172252.0,19728411.0,-0.92112091541483,-92.11
OLB,2023q3,2023-09-30,-1801738.0,35943728.0,-0.0501266312720817,-5.01
OLB,2023q2,2023-06-30,-587818.0,37252672.0,-0.0157792171256869,-1.58
OLB,2023q1,2023-03-31,-2615405.0,37736798.0,-0.0693064896497047,-6.93
OLB,2022q4,2022-12-31,-3181157.0,38653819.0,-0.0822986468685021,-8.23
OLB,2022q3,2022-09-30,-1712562.0,41177888.0,-0.0415893598039802,-4.16
OLB,2022q2,2022-06-30,-1437954.0,43218537.0,-0.0332716954301345,-3.33
OLB,2022q1,2022-03-31,-1455596.0,44949908.0,-0.0323826246763397,-3.24
OLB,2021q4,2021-12-31,-2312011.0,45529491.0,-0.0507805149853311,-5.08
OLB,2021q3,2021-09-30,-900354.0,21560959.0,-0.0417585321691859,-4.18
OLB,2021q2,2021-06-30,-666136.0,12267346.0,-0.0543015579735013,-5.43
OLB,2021q1,2021-03-31,-1099857.0,12779155.0,-0.0860664887467129,-8.61
OLB,2020q4,2020-12-31,-66753.0,14377502.0,-0.004642878853364,-0.46
OLB,2020q3,2020-09-30,-657358.0,14989515.0,-0.0438545209768294,-4.39
OLB,2020q2,2020-06-30,-510409.0,11304369.0,-0.0451514808124186,-4.52
OLB,2020q1,2020-03-31,-542207.0,11496096.0,-0.0471644460867411,-4.72
OLB,2019q4,2019-12-31,-61770.0,11868929.0,-0.0052043448907647,-0.52
OLB,2019q3,2019-09-30,-401859.0,11508861.0,-0.0349173562874727,-3.49
OLB,2019q2,2019-06-30,-472838.0,11624535.0,-0.0406758635936835,-4.07
OLB,2019q1,2019-03-31,-406945.0,11771456.0,-0.0345704898357518,-3.46
OLB,2018q4,2018-12-31,-609242.0,11999274.0,-0.0507732384475927,-5.08
OLB,2018q3,2018-09-30,-613964.0,12680257.0,-0.0484188924562018,-4.84
OLB,2018q2,2018-06-30,-170338.0,13225404.0,-0.0128796065511495,-1.29
OLB,2018q1,2018-03-31,-413446.0,20318.0,-20.34875479870066,-2034.88
OLB,2017q4,2017-12-31,-88950.0,5545.0,-16.041478809738503,-1604.15
OLB,2017q3,2017-09-30,-116144.0,5069.0,-22.912606036693628,-2291.26
OLB,2017q2,2017-06-30,-99916.0,6716.0,-14.877307921381774,-1487.73
OLB,2017q1,2017-03-31,-93728.0,6386.0,-14.67710616974632,-1467.71
OLB,2016q4,2016-12-31,-70504.0,6125.0,-11.510857142857144,-1151.09
OLB,2016q3,2016-09-30,-89768.0,6654.0,-13.49083258190562,-1349.08
OLB,2016q2,2016-06-30,-78961.0,4965.0,-15.903524672708963,-1590.35
OLB,2016q1,2016-03-31,-73719.0,9534.0,-7.732221522970422,-773.22
OLB,2015q4,2015-12-31,-73621.0,7840.0,-9.390433673469389,-939.04
OLB,2015q3,2015-09-30,-88132.0,6093.0,-14.46446742163138,-1446.45
OLB,2015q2,2015-06-30,-86398.0,5297.0,-16.310741929394,-1631.07
OLB,2015q1,2015-03-31,-94197.0,5119.0,-18.40144559484274,-1840.14
OLB,2014q4,2014-12-31,-118342.0,4965.0,-23.83524672708963,-2383.52
OLB,2014q3,2014-09-30,-93349.0,6540.0,-14.27354740061162,-1427.35
OLB,2014q2,2014-06-30,-102890.0,10538.0,-9.7637122793699,-976.37
OLB,2014q1,2014-03-31,-45720.0,39219.0,-1.1657614931538285,-116.58
OLB,2013q4,2013-12-31,-284316.0,7784.0,-36.5256937307297,-3652.57
OLB,2013q3,2013-09-30,-92089.0,7592.0,-12.129741833508955,-1212.97
OLB,2013q2,2013-06-30,-88023.0,13436.0,-6.551280142899673,-655.13
OLB,2013q1,2013-03-31,-87688.0,6202.0,-14.138664946791357,-1413.87
OLB,2012q4,2012-12-31,-273302.0,13848.0,-19.735846331600232,-1973.58
OLB,2012q3,2012-09-30,-216524.0,97442.0,-2.2220808275692208,-222.21
OLB,2012q2,2012-06-30,-145717.0,141850.0,-1.0272611913993654,-102.73
OLB,2012q1,2012-03-31,-148313.0,210087.0,-0.7059599118460448,-70.6
OLB,2011q4,2011-12-31,-202762.0,278831.0,-0.7271860015564984,-72.72
OLB,2011q3,2011-09-30,-131173.0,347403.0,-0.3775816558866791,-37.76
OLB,2011q2,2011-06-30,-207627.0,433609.0,-0.478834618285137,-47.88
OLB,2011q1,2011-03-31,-137929.0,484546.0,-0.2846561523570518,-28.47
OLB,2010q4,2010-12-31,-146692.0,554915.0,-0.2643503960065956,-26.44
OLB,2010q3,2010-09-30,-110017.0,655568.0,-0.1678193566495009,-16.78
OLB,2010q2,2010-06-30,-101323.0,698111.0,-0.1451388103038055,-14.51
OLB,2010q1,2010-03-31,-23129.0,26875.0,-0.8606139534883721,-86.06
OLB,2009q4,2009-12-31,-122965.0,5520.0,-22.276268115942027,-2227.63
OLB,2009q3,2009-09-30,-67589.0,5084.0,-13.294453186467347,-1329.45
OLB,2009q2,2009-06-30,-59005.0,5667.0,-10.412034586200813,-1041.2
OLB,2009q1,2009-03-31,-73511.0,5796.0,-12.683057280883368,-1268.31
OLB,2008q4,2008-12-31,-149406.0,5635.0,-26.51393078970719,-2651.39
OLB,2008q3,2008-09-30,-85903.0,68659.0,-1.251154255086733,-125.12
OLB,2008q2,2008-06-30,-107009.0,68608.0,-1.559716068097015,-155.97
OLB,2008q1,2008-03-31,-138405.0,81225.0,-1.7039704524469068,-170.4
OLB,2007q4,2007-12-31,-332380.0,103131.0,-3.2228912742046525,-322.29
OLB,2007q3,2007-09-30,-249517.0,69006.0,-3.615873981972582,-361.59
